user_id,rank,movie_id
1,1,1625
1,2,1606
1,3,1026
1,4,1501
1,5,1351
1,6,1575
1,7,1534
1,8,1312
1,9,1510
1,10,1153
10,1,1187
10,2,146
10,3,1499
10,4,1649
10,5,1563
10,6,661
10,7,1360
10,8,1349
10,9,706
10,10,1617
100,1,1544
100,2,718
100,3,1196
100,4,1512
100,5,1508
100,6,1674
100,7,1342
100,8,601
100,9,1013
100,10,1481
101,1,1463
101,2,1343
101,3,1650
101,4,329
101,5,1553
101,6,1176
101,7,1605
101,8,1486
101,9,1405
101,10,698
102,1,600
102,2,1271
102,3,1004
102,4,1676
102,5,330
102,6,1677
102,7,1439
102,8,1458
102,9,1077
102,10,158
103,1,1362
103,2,1443
103,3,1186
103,4,899
103,5,953
103,6,730
103,7,1244
103,8,548
103,9,1169
103,10,1308
104,1,247
104,2,1370
104,3,46
104,4,901
104,5,1407
104,6,913
104,7,1369
104,8,992
104,9,805
104,10,593
105,1,1481
105,2,621
105,3,704
105,4,1545
105,5,91
105,6,599
105,7,1094
105,8,1682
105,9,1508
105,10,628
106,1,1356
106,2,852
106,3,1502
106,4,992
106,5,1663
106,6,795
106,7,1018
106,8,987
106,9,1339
106,10,718
107,1,1519
107,2,1214
107,3,600
107,4,334
107,5,502
107,6,836
107,7,941
107,8,1328
107,9,921
107,10,701
108,1,1360
108,2,607
108,3,1625
108,4,1371
108,5,119
108,6,1553
108,7,563
108,8,1575
108,9,688
108,10,1510
109,1,701
109,2,1564
109,3,1539
109,4,1064
109,5,857
109,6,1161
109,7,1416
109,8,1597
109,9,860
109,10,641
11,1,1509
11,2,1024
11,3,858
11,4,1502
11,5,1559
11,6,1547
11,7,1236
11,8,1330
11,9,1351
11,10,532
110,1,1321
110,2,1656
110,3,1427
110,4,911
110,5,806
110,6,1335
110,7,1487
110,8,1467
110,9,1594
110,10,184
111,1,1253
111,2,1160
111,3,1075
111,4,1501
111,5,715
111,6,874
111,7,791
111,8,846
111,9,1030
111,10,915
112,1,1602
112,2,1459
112,3,1064
112,4,1293
112,5,1299
112,6,620
112,7,1340
112,8,1078
112,9,1160
112,10,630
113,1,1670
113,2,1579
113,3,1594
113,4,1511
113,5,1485
113,6,1212
113,7,792
113,8,843
113,9,1189
113,10,1636
114,1,1663
114,2,1169
114,3,921
114,4,1614
114,5,330
114,6,1467
114,7,1421
114,8,979
114,9,1161
114,10,225
115,1,1526
115,2,1333
115,3,1031
115,4,1567
115,5,1386
115,6,362
115,7,847
115,8,706
115,9,296
115,10,1342
116,1,861
116,2,745
116,3,600
116,4,247
116,5,1669
116,6,1212
116,7,1131
116,8,1603
116,9,666
116,10,1032
117,1,848
117,2,1603
117,3,1554
117,4,280
117,5,1544
117,6,361
117,7,1172
117,8,1453
117,9,1088
117,10,424
118,1,1507
118,2,622
118,3,1316
118,4,1435
118,5,1546
118,6,773
118,7,1349
118,8,731
118,9,1563
118,10,1517
119,1,1571
119,2,1424
119,3,1556
119,4,437
119,5,1021
119,6,353
119,7,1200
119,8,701
119,9,1174
119,10,113
12,1,1378
12,2,1674
12,3,837
12,4,1367
12,5,1389
12,6,1144
12,7,1354
12,8,869
12,9,1370
12,10,movie_id
120,1,1165
120,2,893
120,3,1212
120,4,562
120,5,704
120,6,730
120,7,987
120,8,1195
120,9,1279
120,10,1226
121,1,1427
121,2,1508
121,3,1546
121,4,1184
121,5,1333
121,6,1354
121,7,1349
121,8,624
121,9,607
121,10,1569
122,1,957
122,2,1379
122,3,1505
122,4,674
122,5,1681
122,6,1658
122,7,893
122,8,1237
122,9,464
122,10,1662
123,1,1443
123,2,1579
123,3,1362
123,4,467
123,5,976
123,6,36
123,7,1402
123,8,1373
123,9,727
123,10,556
124,1,1481
124,2,1369
124,3,974
124,4,397
124,5,1480
124,6,40
124,7,1429
124,8,1424
124,9,1080
124,10,1484
125,1,1331
125,2,545
125,3,1354
125,4,1517
125,5,1169
125,6,1627
125,7,1472
125,8,1582
125,9,1115
125,10,1001
126,1,700
126,2,1346
126,3,775
126,4,1637
126,5,962
126,6,1612
126,7,859
126,8,1092
126,9,671
126,10,1478
127,1,745
127,2,1368
127,3,957
127,4,803
127,5,32
127,6,463
127,7,681
127,8,1374
127,9,1253
127,10,901
128,1,1547
128,2,1357
128,3,1505
128,4,1531
128,5,84
128,6,854
128,7,1574
128,8,1259
128,9,1561
128,10,1446
129,1,1112
129,2,562
129,3,1568
129,4,1354
129,5,1627
129,6,1458
129,7,247
129,8,1625
129,9,1418
129,10,983
13,1,1669
13,2,1351
13,3,1670
13,4,1423
13,5,861
13,6,1499
13,7,1169
13,8,600
13,9,1579
13,10,1495
130,1,1540
130,2,1351
130,3,734
130,4,75
130,5,1376
130,6,1175
130,7,861
130,8,1029
130,9,999
130,10,1675
131,1,718
131,2,1547
131,3,1189
131,4,1628
131,5,825
131,6,1220
131,7,1151
131,8,387
131,9,973
131,10,1067
132,1,536
132,2,1199
132,3,370
132,4,1077
132,5,1099
132,6,1326
132,7,838
132,8,1203
132,9,955
132,10,728
133,1,1267
133,2,75
133,3,1610
133,4,1308
133,5,1383
133,6,1352
133,7,1410
133,8,1645
133,9,1169
133,10,1406
134,1,1617
134,2,453
134,3,1342
134,4,1501
134,5,274
134,6,1576
134,7,1381
134,8,124
134,9,396
134,10,104
135,1,1163
135,2,1659
135,3,711
135,4,1421
135,5,564
135,6,1245
135,7,1343
135,8,495
135,9,1482
135,10,1572
136,1,1186
136,2,1632
136,3,996
136,4,771
136,5,1372
136,6,386
136,7,74
136,8,1089
136,9,1004
136,10,753
137,1,805
137,2,1515
137,3,1473
137,4,558
137,5,1376
137,6,887
137,7,304
137,8,1435
137,9,1529
137,10,976
138,1,1169
138,2,114
138,3,1587
138,4,941
138,5,1029
138,6,1514
138,7,1421
138,8,1526
138,9,1532
138,10,951
139,1,565
139,2,74
139,3,1169
139,4,323
139,5,1073
139,6,1477
139,7,1266
139,8,993
139,9,114
139,10,360
14,1,962
14,2,1031
14,3,392
14,4,335
14,5,1122
14,6,1351
14,7,1171
14,8,1620
14,9,903
14,10,734
140,1,1461
140,2,1577
140,3,1666
140,4,1593
140,5,1379
140,6,247
140,7,1667
140,8,1325
140,9,1070
140,10,1260
141,1,1513
141,2,1625
141,3,460
141,4,733
141,5,464
141,6,295
141,7,646
141,8,1275
141,9,368
141,10,922
142,1,1424
142,2,485
142,3,1053
142,4,1628
142,5,1481
142,6,1645
142,7,701
142,8,857
142,9,1554
142,10,937
143,1,745
143,2,1015
143,3,1200
143,4,1116
143,5,247
143,6,1530
143,7,1557
143,8,1018
143,9,1021
143,10,1568
144,1,1679
144,2,1607
144,3,1632
144,4,1669
144,5,1100
144,6,1658
144,7,533
144,8,1282
144,9,1476
144,10,1552
145,1,1654
145,2,1441
145,3,1156
145,4,1578
145,5,1306
145,6,1453
145,7,1322
145,8,1373
145,9,6
145,10,534
146,1,829
146,2,1669
146,3,767
146,4,1388
146,5,1279
146,6,1587
146,7,1292
146,8,1100
146,9,1214
146,10,1170
147,1,1328
147,2,1544
147,3,721
147,4,1417
147,5,1038
147,6,1342
147,7,1253
147,8,1644
147,9,1318
147,10,1359
148,1,1379
148,2,74
148,3,1674
148,4,1072
148,5,1405
148,6,1023
148,7,1326
148,8,1169
148,9,1670
148,10,1565
149,1,1527
149,2,1251
149,3,1124
149,4,1603
149,5,1424
149,6,1072
149,7,827
149,8,1212
149,9,744
149,10,1632
15,1,1510
15,2,1481
15,3,1344
15,4,430
15,5,1232
15,6,1490
15,7,345
15,8,1606
15,9,464
15,10,607
150,1,701
150,2,1492
150,3,1073
150,4,1348
150,5,1347
150,6,1617
150,7,949
150,8,113
150,9,1283
150,10,768
151,1,1563
151,2,1207
151,3,1618
151,4,714
151,5,1102
151,6,745
151,7,1377
151,8,1274
151,9,1349
151,10,1559
152,1,1357
152,2,1522
152,3,1626
152,4,1552
152,5,459
152,6,1620
152,7,1679
152,8,1238
152,9,1141
152,10,1070
153,1,1502
153,2,1398
153,3,1279
153,4,106
153,5,909
153,6,84
153,7,1069
153,8,1659
153,9,1559
153,10,1599
154,1,1502
154,2,974
154,3,1464
154,4,617
154,5,998
154,6,1415
154,7,1614
154,8,1379
154,9,1450
154,10,1139
155,1,1543
155,2,1500
155,3,1637
155,4,1544
155,5,667
155,6,1142
155,7,1386
155,8,545
155,9,45
155,10,959
156,1,1019
156,2,925
156,3,1595
156,4,861
156,5,843
156,6,569
156,7,790
156,8,809
156,9,1681
156,10,1084
157,1,1053
157,2,1172
157,3,974
157,4,1199
157,5,437
157,6,534
157,7,1628
157,8,416
157,9,1580
157,10,87
158,1,1579
158,2,1626
158,3,766
158,4,1253
158,5,1553
158,6,439
158,7,1540
158,8,1010
158,9,1057
158,10,666
159,1,1606
159,2,1386
159,3,1566
159,4,846
159,5,957
159,6,1503
159,7,882
159,8,587
159,9,108
159,10,1443
16,1,1250
16,2,1249
16,3,1163
16,4,1488
16,5,1453
16,6,1591
16,7,1510
16,8,1390
16,9,1421
16,10,1178
160,1,861
160,2,1581
160,3,1414
160,4,1666
160,5,1199
160,6,75
160,7,1470
160,8,1351
160,9,1166
160,10,1501
161,1,1572
161,2,1587
161,3,1376
161,4,860
161,5,1519
161,6,246
161,7,1250
161,8,642
161,9,1356
161,10,1214
162,1,1584
162,2,832
162,3,558
162,4,1488
162,5,383
162,6,1547
162,7,1611
162,8,585
162,9,1610
162,10,1188
163,1,113
163,2,481
163,3,949
163,4,1415
163,5,1363
163,6,1302
163,7,1430
163,8,1134
163,9,1468
163,10,1162
164,1,1611
164,2,541
164,3,957
164,4,1669
164,5,1549
164,6,1299
164,7,1670
164,8,1003
164,9,1388
164,10,1345
165,1,555
165,2,336
165,3,1529
165,4,846
165,5,1254
165,6,694
165,7,904
165,8,1494
165,9,774
165,10,1487
166,1,1577
166,2,957
166,3,1415
166,4,1422
166,5,394
166,6,1195
166,7,555
166,8,1004
166,9,1543
166,10,1130
167,1,1544
167,2,1543
167,3,976
167,4,1453
167,5,827
167,6,1365
167,7,1256
167,8,1545
167,9,782
167,10,1359
168,1,1633
168,2,1505
168,3,1054
168,4,1356
168,5,1427
168,6,1680
168,7,1072
168,8,1630
168,9,1364
168,10,894
169,1,1571
169,2,1019
169,3,637
169,4,666
169,5,1630
169,6,681
169,7,1178
169,8,1327
169,9,1036
169,10,437
17,1,949
17,2,1409
17,3,643
17,4,905
17,5,1304
17,6,362
17,7,893
17,8,1453
17,9,1177
17,10,280
170,1,893
170,2,1165
170,3,1430
170,4,1383
170,5,744
170,6,1437
170,7,1370
170,8,1195
170,9,6
170,10,1616
171,1,1353
171,2,907
171,3,1550
171,4,1427
171,5,718
171,6,1321
171,7,1674
171,8,1558
171,9,984
171,10,1630
172,1,1397
172,2,361
172,3,1365
172,4,730
172,5,261
172,6,753
172,7,1211
172,8,1308
172,9,1077
172,10,1669
173,1,1351
173,2,1122
173,3,1116
173,4,1424
173,5,1543
173,6,1540
173,7,1603
173,8,1077
173,9,730
173,10,1199
174,1,1588
174,2,626
174,3,1199
174,4,560
174,5,1569
174,6,1230
174,7,254
174,8,1553
174,9,616
174,10,805
175,1,1632
175,2,1406
175,3,973
175,4,957
175,5,1097
175,6,1614
175,7,1671
175,8,525
175,9,1265
175,10,813
176,1,1160
176,2,816
176,3,1178
176,4,1272
176,5,247
176,6,1282
176,7,637
176,8,766
176,9,267
176,10,1035
177,1,1393
177,2,1342
177,3,1606
177,4,1668
177,5,1532
177,6,562
177,7,1442
177,8,1224
177,9,374
177,10,1043
178,1,1379
178,2,1207
178,3,1333
178,4,1236
178,5,951
178,6,1390
178,7,536
178,8,490
178,9,1270
178,10,1285
179,1,1591
179,2,737
179,3,1316
179,4,917
179,5,1613
179,6,1472
179,7,1504
179,8,1322
179,9,982
179,10,1040
18,1,1055
18,2,1612
18,3,1348
18,4,1354
18,5,1130
18,6,1289
18,7,1627
18,8,996
18,9,1425
18,10,1320
180,1,18
180,2,1547
180,3,1658
180,4,1669
180,5,667
180,6,220
180,7,931
180,8,146
180,9,1670
180,10,60
181,1,1614
181,2,757
181,3,1246
181,4,1427
181,5,1043
181,6,1260
181,7,115
181,8,759
181,9,843
181,10,1426
182,1,1333
182,2,397
182,3,1278
182,4,1347
182,5,1135
182,6,422
182,7,771
182,8,1629
182,9,608
182,10,675
183,1,701
183,2,604
183,3,1614
183,4,1221
183,5,1357
183,6,572
183,7,242
183,8,394
183,9,783
183,10,901
184,1,movie_id
184,2,1486
184,3,1351
184,4,261
184,5,927
184,6,1485
184,7,299
184,8,1199
184,9,1252
184,10,1680
185,1,1253
185,2,1012
185,3,784
185,4,1096
185,5,106
185,6,1553
185,7,1668
185,8,330
185,9,574
185,10,1491
186,1,1239
186,2,1617
186,3,893
186,4,579
186,5,1184
186,6,620
186,7,1637
186,8,1552
186,9,1360
186,10,1217
187,1,1328
187,2,1617
187,3,624
187,4,1102
187,5,1453
187,6,1108
187,7,765
187,8,1612
187,9,643
187,10,1668
188,1,1443
188,2,1595
188,3,704
188,4,773
188,5,843
188,6,863
188,7,1390
188,8,1426
188,9,6
188,10,376
189,1,1553
189,2,1679
189,3,1342
189,4,146
189,5,1579
189,6,1409
189,7,1202
189,8,439
189,9,1615
189,10,1228
19,1,1480
19,2,1655
19,3,1075
19,4,1027
19,5,1031
19,6,1400
19,7,107
19,8,1610
19,9,359
19,10,579
190,1,1200
190,2,1174
190,3,1568
190,4,1418
190,5,1507
190,6,1378
190,7,1511
190,8,1276
190,9,1175
190,10,1481
191,1,757
191,2,1522
191,3,1287
191,4,1403
191,5,1024
191,6,894
191,7,1569
191,8,1052
191,9,1614
191,10,1360
192,1,1160
192,2,1587
192,3,1567
192,4,1064
192,5,1161
192,6,1230
192,7,1188
192,8,57
192,9,502
192,10,1356
193,1,1161
193,2,247
193,3,1581
193,4,1321
193,5,138
193,6,1558
193,7,1436
193,8,1317
193,9,1633
193,10,534
194,1,1492
194,2,745
194,3,585
194,4,701
194,5,558
194,6,1390
194,7,1170
194,8,1625
194,9,1282
194,10,1455
195,1,996
195,2,1448
195,3,1527
195,4,1305
195,5,1032
195,6,645
195,7,1373
195,8,1321
195,9,814
195,10,932
196,1,700
196,2,920
196,3,1674
196,4,1144
196,5,1558
196,6,848
196,7,1015
196,8,838
196,9,907
196,10,1027
197,1,1630
197,2,1680
197,3,1371
197,4,1579
197,5,1501
197,6,891
197,7,1224
197,8,728
197,9,1581
197,10,1628
198,1,1433
198,2,1576
198,3,1552
198,4,1660
198,5,1463
198,6,1672
198,7,1331
198,8,1563
198,9,1444
198,10,374
199,1,1117
199,2,75
199,3,1575
199,4,911
199,5,1174
199,6,1371
199,7,741
199,8,613
199,9,687
199,10,694
2,1,1393
2,2,1547
2,3,1258
2,4,1287
2,5,718
2,6,1151
2,7,1243
2,8,1606
2,9,952
2,10,1418
20,1,1436
20,2,1212
20,3,1594
20,4,1632
20,5,1504
20,6,949
20,7,30
20,8,1089
20,9,81
20,10,1444
200,1,667
200,2,987
200,3,1569
200,4,620
200,5,463
200,6,1533
200,7,761
200,8,745
200,9,1375
200,10,1279
201,1,1359
201,2,1669
201,3,1599
201,4,1271
201,5,1423
201,6,1104
201,7,1386
201,8,1287
201,9,1499
201,10,814
202,1,1161
202,2,677
202,3,1554
202,4,1420
202,5,1357
202,6,1581
202,7,848
202,8,1438
202,9,1000
202,10,930
203,1,987
203,2,1436
203,3,730
203,4,1632
203,5,1527
203,6,1077
203,7,1543
203,8,996
203,9,1403
203,10,1338
204,1,909
204,2,1365
204,3,1352
204,4,957
204,5,1369
204,6,565
204,7,734
204,8,1443
204,9,657
204,10,1100
205,1,1219
205,2,712
205,3,957
205,4,1299
205,5,1611
205,6,1388
205,7,1010
205,8,247
205,9,1202
205,10,942
206,1,558
206,2,26
206,3,1055
206,4,332
206,5,1319
206,6,1321
206,7,1072
206,8,698
206,9,921
206,10,1169
207,1,1365
207,2,1383
207,3,1473
207,4,1600
207,5,1555
207,6,1294
207,7,965
207,8,75
207,9,1515
207,10,1023
208,1,1522
208,2,1547
208,3,1081
208,4,1559
208,5,1673
208,6,646
208,7,628
208,8,984
208,9,1007
208,10,1141
209,1,1645
209,2,996
209,3,247
209,4,1588
209,5,1194
209,6,1174
209,7,74
209,8,1299
209,9,1001
209,10,1180
21,1,1580
21,2,1117
21,3,1679
21,4,907
21,5,1635
21,6,1667
21,7,1579
21,8,103
21,9,897
21,10,35
210,1,620
210,2,1340
210,3,1567
210,4,624
210,5,1031
210,6,1293
210,7,1508
210,8,1029
210,9,1382
210,10,464
211,1,1552
211,2,1572
211,3,1326
211,4,1357
211,5,988
211,6,893
211,7,1331
211,8,1638
211,9,1307
211,10,85
212,1,1547
212,2,1617
212,3,906
212,4,1070
212,5,1459
212,6,887
212,7,1208
212,8,785
212,9,268
212,10,952
213,1,1485
213,2,886
213,3,1207
213,4,1461
213,5,115
213,6,1029
213,7,810
213,8,912
213,9,695
213,10,1295
214,1,957
214,2,1238
214,3,1189
214,4,movie_id
214,5,1526
214,6,581
214,7,114
214,8,971
214,9,1668
214,10,261
215,1,1276
215,2,1579
215,3,611
215,4,1172
215,5,75
215,6,1627
215,7,1634
215,8,1665
215,9,1494
215,10,1001
216,1,1610
216,2,764
216,3,1362
216,4,585
216,5,1187
216,6,1072
216,7,1609
216,8,36
216,9,1220
216,10,1400
217,1,921
217,2,766
217,3,1037
217,4,825
217,5,927
217,6,1371
217,7,532
217,8,307
217,9,1484
217,10,658
218,1,1450
218,2,1614
218,3,1625
218,4,36
218,5,1553
218,6,585
218,7,1072
218,8,247
218,9,1467
218,10,1165
219,1,1544
219,2,1513
219,3,1571
219,4,827
219,5,1278
219,6,691
219,7,145
219,8,1512
219,9,1081
219,10,1031
22,1,1572
22,2,1029
22,3,1380
22,4,564
22,5,1122
22,6,1325
22,7,1301
22,8,1126
22,9,449
22,10,1512
220,1,957
220,2,848
220,3,1632
220,4,834
220,5,1543
220,6,261
220,7,1528
220,8,1386
220,9,926
220,10,1171
221,1,1287
221,2,394
221,3,1487
221,4,1385
221,5,587
221,6,1247
221,7,1331
221,8,1606
221,9,1297
221,10,1155
222,1,1077
222,2,1663
222,3,1432
222,4,341
222,5,1575
222,6,1670
222,7,330
222,8,1169
222,9,1555
222,10,1158
223,1,1443
223,2,1669
223,3,1343
223,4,1545
223,5,857
223,6,1645
223,7,1435
223,8,1508
223,9,863
223,10,1382
224,1,1658
224,2,1410
224,3,146
224,4,1299
224,5,1366
224,6,1581
224,7,1072
224,8,1103
224,9,553
224,10,665
225,1,949
225,2,1667
225,3,973
225,4,827
225,5,1571
225,6,1235
225,7,481
225,8,1189
225,9,1682
225,10,974
226,1,1550
226,2,1321
226,3,1112
226,4,587
226,5,718
226,6,1386
226,7,1624
226,8,1353
226,9,907
226,10,1547
227,1,437
227,2,1568
227,3,766
227,4,1201
227,5,1199
227,6,1132
227,7,1566
227,8,1053
227,9,563
227,10,626
228,1,1644
228,2,798
228,3,1334
228,4,1614
228,5,107
228,6,1379
228,7,918
228,8,1477
228,9,1508
228,10,1579
229,1,646
229,2,1293
229,3,463
229,4,1064
229,5,1317
229,6,1102
229,7,712
229,8,1388
229,9,1274
229,10,1007
23,1,1359
23,2,1544
23,3,1369
23,4,1330
23,5,1669
23,6,1525
23,7,1342
23,8,1052
23,9,1304
23,10,362
230,1,1403
230,2,1219
230,3,1359
230,4,585
230,5,541
230,6,1522
230,7,1621
230,8,1509
230,9,1160
230,10,21
231,1,1171
231,2,781
231,3,1412
231,4,641
231,5,464
231,6,1350
231,7,1457
231,8,1411
231,9,1019
231,10,333
232,1,1430
232,2,857
232,3,1660
232,4,1546
232,5,1557
232,6,140
232,7,1604
232,8,397
232,9,18
232,10,1066
233,1,1473
233,2,1378
233,3,1180
233,4,1369
233,5,1296
233,6,1480
233,7,1481
233,8,666
233,9,1020
233,10,305
234,1,973
234,2,1484
234,3,1436
234,4,1667
234,5,1505
234,6,1680
234,7,1461
234,8,1471
234,9,1502
234,10,1605
235,1,600
235,2,1325
235,3,1563
235,4,973
235,5,1279
235,6,330
235,7,1043
235,8,1581
235,9,1609
235,10,1196
236,1,1332
236,2,1070
236,3,957
236,4,1614
236,5,1448
236,6,1505
236,7,1611
236,8,1001
236,9,985
236,10,36
237,1,1605
237,2,1579
237,3,1502
237,4,974
237,5,1464
237,6,908
237,7,1443
237,8,1460
237,9,1426
237,10,1055
238,1,422
238,2,847
238,3,1379
238,4,758
238,5,572
238,6,1533
238,7,470
238,8,108
238,9,1040
238,10,865
239,1,1579
239,2,296
239,3,1610
239,4,362
239,5,1362
239,6,1255
239,7,1432
239,8,1112
239,9,784
239,10,793
24,1,1669
24,2,1287
24,3,1670
24,4,1380
24,5,1426
24,6,624
24,7,1175
24,8,1031
24,9,1665
24,10,1596
240,1,1254
240,2,1528
240,3,1544
240,4,1458
240,5,1588
240,6,1633
240,7,1511
240,8,1327
240,9,1179
240,10,1427
241,1,1611
241,2,1508
241,3,1414
241,4,1369
241,5,1681
241,6,1261
241,7,1522
241,8,548
241,9,754
241,10,1481
242,1,1169
242,2,679
242,3,893
242,4,1322
242,5,1438
242,6,1267
242,7,1579
242,8,73
242,9,1243
242,10,1670
243,1,1357
243,2,113
243,3,1453
243,4,1177
243,5,1405
243,6,1585
243,7,987
243,8,1468
243,9,700
243,10,1359
244,1,1251
244,2,1649
244,3,996
244,4,593
244,5,1064
244,6,376
244,7,1327
244,8,437
244,9,865
244,10,1348
245,1,1144
245,2,1322
245,3,1674
245,4,1054
245,5,1158
245,6,1508
245,7,1548
245,8,1678
245,9,1146
245,10,787
246,1,1654
246,2,441
246,3,1563
246,4,1102
246,5,1190
246,6,1131
246,7,1034
246,8,871
246,9,1383
246,10,1427
247,1,1679
247,2,1579
247,3,75
247,4,1253
247,5,613
247,6,1630
247,7,626
247,8,574
247,9,911
247,10,1117
248,1,1666
248,2,1227
248,3,1677
248,4,759
248,5,1221
248,6,894
248,7,394
248,8,1670
248,9,1345
248,10,1144
249,1,1201
249,2,1613
249,3,1043
249,4,1166
249,5,375
249,6,1246
249,7,1331
249,8,1522
249,9,857
249,10,1325
25,1,1321
25,2,1528
25,3,996
25,4,907
25,5,1373
25,6,437
25,7,1386
25,8,921
25,9,296
25,10,686
250,1,1359
250,2,1567
250,3,1294
250,4,1512
250,5,1262
250,6,1553
250,7,1436
250,8,973
250,9,1605
250,10,1080
251,1,927
251,2,1122
251,3,957
251,4,1403
251,5,834
251,6,1620
251,7,1330
251,8,1368
251,9,1644
251,10,504
252,1,1534
252,2,1309
252,3,1628
252,4,1606
252,5,1476
252,6,1218
252,7,486
252,8,604
252,9,1510
252,10,1624
253,1,1544
253,2,1668
253,3,1508
253,4,903
253,5,1219
253,6,587
253,7,376
253,8,1637
253,9,865
253,10,948
254,1,1579
254,2,1043
254,3,1366
254,4,1494
254,5,533
254,6,718
254,7,1067
254,8,1450
254,9,1320
254,10,1144
255,1,718
255,2,1242
255,3,1527
255,4,1526
255,5,1548
255,6,1373
255,7,938
255,8,1337
255,9,45
255,10,1190
256,1,1360
256,2,1553
256,3,454
256,4,1614
256,5,1306
256,6,1320
256,7,701
256,8,711
256,9,1239
256,10,1572
257,1,1601
257,2,1580
257,3,1393
257,4,1053
257,5,1645
257,6,1648
257,7,1086
257,8,1636
257,9,1000
257,10,1040
258,1,1414
258,2,1539
258,3,437
258,4,861
258,5,141
258,6,1571
258,7,674
258,8,1477
258,9,853
258,10,929
259,1,804
259,2,1000
259,3,1360
259,4,1426
259,5,765
259,6,1381
259,7,1573
259,8,1395
259,9,1334
259,10,459
26,1,957
26,2,1632
26,3,1566
26,4,1153
26,5,1579
26,6,1057
26,7,978
26,8,1606
26,9,119
26,10,1627
260,1,1614
260,2,1663
260,3,1504
260,4,1185
260,5,1186
260,6,923
260,7,452
260,8,1655
260,9,1422
260,10,1153
261,1,734
261,2,1397
261,3,1029
261,4,1378
261,5,641
261,6,1472
261,7,951
261,8,10
261,9,870
261,10,261
262,1,1573
262,2,1588
262,3,1024
262,4,1029
262,5,75
262,6,793
262,7,1476
262,8,1117
262,9,593
262,10,1511
263,1,1043
263,2,1450
263,3,1579
263,4,1609
263,5,1489
263,6,1224
263,7,985
263,8,1596
263,9,1344
263,10,1409
264,1,1654
264,2,1246
264,3,1455
264,4,1201
264,5,1345
264,6,1659
264,7,766
264,8,1371
264,9,933
264,10,842
265,1,1344
265,2,1129
265,3,1579
265,4,1112
265,5,1484
265,6,1096
265,7,1658
265,8,1626
265,9,799
265,10,369
266,1,1545
266,2,1443
266,3,1346
266,4,1362
266,5,1426
266,6,1365
266,7,969
266,8,1108
266,9,719
266,10,49
267,1,957
267,2,1587
267,3,1397
267,4,1526
267,5,1612
267,6,1379
267,7,1070
267,8,1071
267,9,1639
267,10,1166
268,1,1667
268,2,1321
268,3,1547
268,4,1487
268,5,1055
268,6,34
268,7,1604
268,8,1373
268,9,617
268,10,1112
269,1,1443
269,2,907
269,3,1493
269,4,1339
269,5,1346
269,6,1175
269,7,1464
269,8,1199
269,9,1362
269,10,1581
27,1,422
27,2,376
27,3,1354
27,4,1668
27,5,1162
27,6,1331
27,7,647
27,8,1006
27,9,1467
27,10,1427
270,1,1481
270,2,1339
270,3,1054
270,4,1424
270,5,439
270,6,906
270,7,394
270,8,1314
270,9,1508
270,10,860
271,1,1399
271,2,1602
271,3,1564
271,4,1645
271,5,1534
271,6,1452
271,7,1089
271,8,1219
271,9,1143
271,10,453
272,1,1369
272,2,1243
272,3,1520
272,4,1625
272,5,911
272,6,1443
272,7,503
272,8,538
272,9,1343
272,10,373
273,1,972
273,2,718
273,3,1623
273,4,907
273,5,1550
273,6,1325
273,7,1332
273,8,724
273,9,1320
273,10,1651
274,1,1312
274,2,957
274,3,825
274,4,1432
274,5,558
274,6,1532
274,7,911
274,8,589
274,9,1351
274,10,673
275,1,1477
275,2,646
275,3,1371
275,4,1343
275,5,1680
275,6,1613
275,7,914
275,8,1635
275,9,1172
275,10,115
276,1,1660
276,2,1564
276,3,1144
276,4,1504
276,5,1602
276,6,1581
276,7,1501
276,8,394
276,9,917
276,10,1322
277,1,1544
277,2,movie_id
277,3,1358
277,4,1423
277,5,1247
277,6,1608
277,7,460
277,8,159
277,9,868
277,10,1299
278,1,1579
278,2,1369
278,3,1154
278,4,905
278,5,1087
278,6,449
278,7,482
278,8,893
278,9,1447
278,10,1680
279,1,1443
279,2,600
279,3,1254
279,4,394
279,5,1371
279,6,1594
279,7,1613
279,8,1529
279,9,773
279,10,1488
28,1,1411
28,2,1448
28,3,698
28,4,1265
28,5,1438
28,6,390
28,7,1431
28,8,657
28,9,1176
28,10,1245
280,1,1602
280,2,907
280,3,1031
280,4,616
280,5,587
280,6,791
280,7,75
280,8,1595
280,9,1558
280,10,1472
281,1,893
281,2,704
281,3,1510
281,4,1436
281,5,978
281,6,1352
281,7,971
281,8,1166
281,9,506
281,10,122
282,1,1389
282,2,movie_id
282,3,850
282,4,1167
282,5,1638
282,6,1222
282,7,1526
282,8,1328
282,9,1393
282,10,1563
283,1,1317
283,2,1300
283,3,1658
283,4,1679
283,5,1522
283,6,1403
283,7,1581
283,8,1436
283,9,1552
283,10,1478
284,1,1450
284,2,987
284,3,867
284,4,1195
284,5,85
284,6,139
284,7,857
284,8,805
284,9,1320
284,10,1309
285,1,1333
285,2,1617
285,3,1390
285,4,1443
285,5,1557
285,6,1106
285,7,706
285,8,906
285,9,1175
285,10,661
286,1,1670
286,2,1579
286,3,1237
286,4,897
286,5,512
286,6,1299
286,7,361
286,8,1669
286,9,758
286,10,1460
287,1,1331
287,2,745
287,3,1274
287,4,1220
287,5,1530
287,6,80
287,7,1522
287,8,987
287,9,1536
287,10,1239
288,1,1169
288,2,1547
288,3,1512
288,4,1275
288,5,1617
288,6,330
288,7,1625
288,8,1579
288,9,1342
288,10,607
289,1,261
289,2,1297
289,3,1423
289,4,1632
289,5,916
289,6,358
289,7,1403
289,8,26
289,9,1359
289,10,1397
29,1,1501
29,2,643
29,3,399
29,4,368
29,5,1135
29,6,1158
29,7,828
29,8,388
29,9,773
29,10,517
290,1,893
290,2,296
290,3,1672
290,4,1287
290,5,957
290,6,1277
290,7,400
290,8,1271
290,9,623
290,10,1331
291,1,1571
291,2,861
291,3,1658
291,4,1577
291,5,1351
291,6,1424
291,7,1581
291,8,1167
291,9,1286
291,10,335
292,1,957
292,2,1403
292,3,1134
292,4,718
292,5,1547
292,6,962
292,7,394
292,8,1621
292,9,1072
292,10,996
293,1,437
293,2,296
293,3,1418
293,4,1175
293,5,1362
293,6,459
293,7,1199
293,8,1068
293,9,1522
293,10,893
294,1,1568
294,2,973
294,3,861
294,4,867
294,5,1581
294,6,745
294,7,1043
294,8,1294
294,9,1656
294,10,1605
295,1,1386
295,2,1440
295,3,1549
295,4,1108
295,5,907
295,6,758
295,7,146
295,8,438
295,9,1410
295,10,459
296,1,1370
296,2,1655
296,3,1069
296,4,1096
296,5,1153
296,6,1348
296,7,1629
296,8,1367
296,9,1166
296,10,1422
297,1,1331
297,2,1617
297,3,548
297,4,1414
297,5,706
297,6,1416
297,7,1557
297,8,437
297,9,1604
297,10,6
298,1,981
298,2,1546
298,3,1029
298,4,899
298,5,1533
298,6,1122
298,7,983
298,8,1135
298,9,734
298,10,1081
299,1,1609
299,2,1570
299,3,1666
299,4,947
299,5,745
299,6,1070
299,7,793
299,8,797
299,9,574
299,10,1231
3,1,745
3,2,1599
3,3,1628
3,4,687
3,5,1556
3,6,1402
3,7,1223
3,8,1407
3,9,372
3,10,987
30,1,1353
30,2,1169
30,3,1569
30,4,812
30,5,1158
30,6,1426
30,7,1660
30,8,1679
30,9,718
30,10,1443
300,1,1000
300,2,1601
300,3,394
300,4,1511
300,5,1525
300,6,1005
300,7,1250
300,8,1380
300,9,1412
300,10,1602
301,1,957
301,2,1516
301,3,1186
301,4,1667
301,5,1471
301,6,400
301,7,1239
301,8,1525
301,9,1452
301,10,1505
302,1,1453
302,2,1172
302,3,437
302,4,358
302,5,1403
302,6,1387
302,7,1151
302,8,1464
302,9,1443
302,10,1412
303,1,1427
303,2,1609
303,3,1426
303,4,626
303,5,1309
303,6,1510
303,7,911
303,8,1625
303,9,1540
303,10,460
304,1,1271
304,2,330
304,3,75
304,4,1169
304,5,101
304,6,1476
304,7,1117
304,8,1374
304,9,461
304,10,1004
305,1,1352
305,2,1165
305,3,1485
305,4,1624
305,5,1234
305,6,1113
305,7,1170
305,8,76
305,9,733
305,10,1642
306,1,1333
306,2,1443
306,3,1135
306,4,384
306,5,1644
306,6,1066
306,7,608
306,8,1162
306,9,18
306,10,58
307,1,1545
307,2,759
307,3,1330
307,4,1246
307,5,1397
307,6,1134
307,7,1262
307,8,1405
307,9,1650
307,10,1406
308,1,1029
308,2,1587
308,3,1357
308,4,1600
308,5,1473
308,6,1046
308,7,1358
308,8,1329
308,9,965
308,10,759
309,1,1070
309,2,987
309,3,1577
309,4,1682
309,5,985
309,6,1432
309,7,1315
309,8,1420
309,9,887
309,10,1321
31,1,1170
31,2,1534
31,3,911
31,4,1219
31,5,1488
31,6,558
31,7,1591
31,8,368
31,9,232
31,10,600
310,1,397
310,2,1613
310,3,870
310,4,1103
310,5,1072
310,6,811
310,7,103
310,8,974
310,9,1077
310,10,109
311,1,1562
311,2,1342
311,3,1609
311,4,439
311,5,964
311,6,1443
311,7,1492
311,8,1563
311,9,786
311,10,1154
312,1,1567
312,2,1508
312,3,1072
312,4,992
312,5,1161
312,6,1613
312,7,951
312,8,757
312,9,1330
312,10,1581
313,1,1373
313,2,555
313,3,957
313,4,1246
313,5,1664
313,6,893
313,7,1322
313,8,296
313,9,1052
313,10,983
314,1,1391
314,2,1351
314,3,911
314,4,1258
314,5,1505
314,6,951
314,7,957
314,8,1289
314,9,838
314,10,1186
315,1,1587
315,2,1029
315,3,1610
315,4,1508
315,5,893
315,6,1031
315,7,1544
315,8,620
315,9,392
315,10,348
316,1,1359
316,2,795
316,3,1508
316,4,442
316,5,1668
316,6,608
316,7,1499
316,8,599
316,9,857
316,10,1282
317,1,1053
317,2,1203
317,3,1614
317,4,1674
317,5,1064
317,6,481
317,7,1221
317,8,159
317,9,1574
317,10,701
318,1,1370
318,2,1122
318,3,1589
318,4,1630
318,5,555
318,6,1579
318,7,1212
318,8,1504
318,9,114
318,10,957
319,1,1189
319,2,859
319,3,734
319,4,217
319,5,1624
319,6,1542
319,7,114
319,8,1376
319,9,440
319,10,1346
32,1,75
32,2,1534
32,3,734
32,4,1166
32,5,1170
32,6,295
32,7,1422
32,8,901
32,9,957
32,10,335
320,1,1211
320,2,1579
320,3,1299
320,4,555
320,5,1460
320,6,1265
320,7,1213
320,8,1294
320,9,1005
320,10,996
321,1,1669
321,2,620
321,3,1499
321,4,1349
321,5,586
321,6,1595
321,7,1553
321,8,874
321,9,1343
321,10,1552
322,1,37
322,2,1102
322,3,362
322,4,1650
322,5,1500
322,6,1533
322,7,1135
322,8,1237
322,9,35
322,10,437
323,1,1613
323,2,1382
323,3,1674
323,4,688
323,5,1316
323,6,1591
323,7,1679
323,8,1161
323,9,719
323,10,1435
324,1,1078
324,2,599
324,3,1236
324,4,1297
324,5,1299
324,6,1643
324,7,1564
324,8,1359
324,9,1053
324,10,1403
325,1,1617
325,2,1441
325,3,1208
325,4,1156
325,5,764
325,6,1647
325,7,802
325,8,1654
325,9,1533
325,10,1347
326,1,894
326,2,1279
326,3,1357
326,4,1663
326,5,1655
326,6,1360
326,7,19
326,8,1250
326,9,1293
326,10,1459
327,1,1424
327,2,1504
327,3,1603
327,4,138
327,5,773
327,6,1131
327,7,1328
327,8,922
327,9,278
327,10,725
328,1,1562
328,2,957
328,3,1670
328,4,1581
328,5,1156
328,6,1578
328,7,1383
328,8,1577
328,9,1369
328,10,1406
329,1,1243
329,2,1625
329,3,1312
329,4,1309
329,5,1357
329,6,1365
329,7,453
329,8,1494
329,9,1624
329,10,1574
33,1,47
33,2,1241
33,3,917
33,4,343
33,5,1553
33,6,1211
33,7,470
33,8,1315
33,9,124
33,10,365
330,1,1356
330,2,1122
330,3,1348
330,4,1430
330,5,947
330,6,700
330,7,1504
330,8,871
330,9,893
330,10,1438
331,1,1371
331,2,1540
331,3,1297
331,4,1151
331,5,899
331,6,911
331,7,1599
331,8,1544
331,9,1458
331,10,1040
332,1,1180
332,2,1102
332,3,1323
332,4,1238
332,5,372
332,6,1143
332,7,1144
332,8,369
332,9,1645
332,10,512
333,1,533
333,2,437
333,3,1200
333,4,1117
333,5,1151
333,6,1172
333,7,1669
333,8,141
333,9,1418
333,10,745
334,1,1613
334,2,1297
334,3,1254
334,4,261
334,5,1670
334,6,457
334,7,556
334,8,1579
334,9,1443
334,10,370
335,1,1246
335,2,957
335,3,1373
335,4,1614
335,5,1415
335,6,681
335,7,848
335,8,1436
335,9,625
335,10,1533
336,1,942
336,2,730
336,3,1486
336,4,1540
336,5,1616
336,6,1323
336,7,1253
336,8,330
336,9,372
336,10,1485
337,1,666
337,2,1078
337,3,1356
337,4,893
337,5,637
337,6,1630
337,7,993
337,8,1051
337,9,1626
337,10,1311
338,1,1616
338,2,1591
338,3,1432
338,4,1523
338,5,1627
338,6,1161
338,7,677
338,8,773
338,9,1492
338,10,1070
339,1,1417
339,2,1481
339,3,459
339,4,1609
339,5,1664
339,6,1562
339,7,1490
339,8,1606
339,9,1352
339,10,1322
34,1,1667
34,2,1577
34,3,1379
34,4,1670
34,5,1165
34,6,1406
34,7,957
34,8,1149
34,9,1130
34,10,1133
340,1,893
340,2,1618
340,3,1236
340,4,549
340,5,1270
340,6,1081
340,7,345
340,8,1370
340,9,1540
340,10,1331
341,1,1610
341,2,362
341,3,931
341,4,1362
341,5,1310
341,6,1420
341,7,967
341,8,454
341,9,84
341,10,751
342,1,1414
342,2,1324
342,3,1574
342,4,1343
342,5,36
342,6,1102
342,7,620
342,8,818
342,9,453
342,10,1128
343,1,1664
343,2,666
343,3,1526
343,4,1587
343,5,1548
343,6,960
343,7,1158
343,8,1601
343,9,1194
343,10,1322
344,1,1166
344,2,1595
344,3,1647
344,4,857
344,5,992
344,6,1589
344,7,1533
344,8,1674
344,9,903
344,10,572
345,1,548
345,2,296
345,3,1414
345,4,119
345,5,1256
345,6,1528
345,7,1486
345,8,1272
345,9,1663
345,10,1141
346,1,1504
346,2,1594
346,3,1656
346,4,548
346,5,1068
346,6,1414
346,7,1522
346,8,1381
346,9,932
346,10,1562
347,1,1355
347,2,1186
347,3,1563
347,4,1417
347,5,1271
347,6,697
347,7,1532
347,8,1645
347,9,980
347,10,1505
348,1,1077
348,2,848
348,3,1436
348,4,1403
348,5,1351
348,6,1543
348,7,1304
348,8,1545
348,9,686
348,10,961
349,1,1323
349,2,1324
349,3,297
349,4,1424
349,5,1481
349,6,1075
349,7,60
349,8,1540
349,9,440
349,10,934
35,1,1171
35,2,1370
35,3,1144
35,4,1383
35,5,1352
35,6,119
35,7,1489
35,8,166
35,9,1630
35,10,517
350,1,1624
350,2,1212
350,3,1357
350,4,1542
350,5,1625
350,6,67
350,7,280
350,8,987
350,9,789
350,10,119
351,1,1628
351,2,1139
351,3,1565
351,4,1021
351,5,1667
351,6,90
351,7,534
351,8,641
351,9,937
351,10,1392
352,1,1463
352,2,1563
352,3,1349
352,4,825
352,5,1544
352,6,movie_id
352,7,857
352,8,1304
352,9,1187
352,10,842
353,1,1529
353,2,1155
353,3,825
353,4,205
353,5,687
353,6,1403
353,7,1575
353,8,916
353,9,1509
353,10,1444
354,1,1174
354,2,1254
354,3,1318
354,4,1507
354,5,1559
354,6,745
354,7,1236
354,8,757
354,9,1369
354,10,1392
355,1,1665
355,2,1397
355,3,994
355,4,623
355,5,375
355,6,1675
355,7,449
355,8,1379
355,9,1394
355,10,891
356,1,1494
356,2,957
356,3,1453
356,4,1083
356,5,803
356,6,1249
356,7,1151
356,8,846
356,9,1170
356,10,1402
357,1,1174
357,2,1459
357,3,1452
357,4,1424
357,5,1571
357,6,1513
357,7,1568
357,8,906
357,9,1417
357,10,1165
358,1,1199
358,2,626
358,3,1174
358,4,1360
358,5,1443
358,6,712
358,7,563
358,8,840
358,9,715
358,10,454
359,1,1399
359,2,1029
359,3,75
359,4,1600
359,5,27
359,6,1387
359,7,965
359,8,1645
359,9,698
359,10,759
36,1,1544
36,2,957
36,3,1579
36,4,541
36,5,512
36,6,1190
36,7,1664
36,8,897
36,9,1526
36,10,1609
360,1,1308
360,2,1319
360,3,1669
360,4,1451
360,5,623
360,6,1470
360,7,1525
360,8,1670
360,9,1309
360,10,344
361,1,1310
361,2,1608
361,3,1352
361,4,1504
361,5,1144
361,6,1556
361,7,1320
361,8,1601
361,9,1057
361,10,1117
362,1,1141
362,2,1019
362,3,1637
362,4,1555
362,5,1417
362,6,1029
362,7,835
362,8,729
362,9,15
362,10,1514
363,1,113
363,2,1511
363,3,814
363,4,600
363,5,1343
363,6,1669
363,7,1363
363,8,745
363,9,1220
363,10,1395
364,1,437
364,2,1464
364,3,1174
364,4,677
364,5,1547
364,6,1679
364,7,1321
364,8,825
364,9,931
364,10,1304
365,1,1369
365,2,1365
365,3,1243
365,4,1588
365,5,119
365,6,1650
365,7,838
365,8,1553
365,9,544
365,10,935
366,1,1367
366,2,1227
366,3,934
366,4,345
366,5,1293
366,6,1029
366,7,1170
366,8,1331
366,9,975
366,10,485
367,1,1508
367,2,1448
367,3,1587
367,4,1579
367,5,1373
367,6,1144
367,7,1555
367,8,1141
367,9,1380
367,10,1185
368,1,1241
368,2,1343
368,3,1477
368,4,1161
368,5,1558
368,6,1172
368,7,542
368,8,283
368,9,1029
368,10,1396
369,1,1237
369,2,362
369,3,1368
369,4,605
369,5,1253
369,6,793
369,7,32
369,8,247
369,9,675
369,10,1310
37,1,1501
37,2,1522
37,3,1414
37,4,592
37,5,1481
37,6,412
37,7,1128
37,8,1567
37,9,816
37,10,119
370,1,643
370,2,1031
370,3,1102
370,4,1184
370,5,758
370,6,1347
370,7,247
370,8,1383
370,9,1310
370,10,422
371,1,1534
371,2,981
371,3,1667
371,4,445
371,5,1416
371,6,1026
371,7,1606
371,8,1629
371,9,691
371,10,1600
372,1,1351
372,2,1512
372,3,movie_id
372,4,957
372,5,927
372,6,1513
372,7,1667
372,8,897
372,9,1590
372,10,1406
373,1,1669
373,2,1625
373,3,1499
373,4,372
373,5,1359
373,6,1319
373,7,994
373,8,712
373,9,818
373,10,1192
374,1,1606
374,2,1625
374,3,1265
374,4,1494
374,5,1032
374,6,1309
374,7,996
374,8,669
374,9,913
374,10,1624
375,1,1436
375,2,861
375,3,867
375,4,1545
375,5,1351
375,6,808
375,7,1512
375,8,827
375,9,1509
375,10,267
376,1,907
376,2,1418
376,3,1608
376,4,677
376,5,1547
376,6,206
376,7,1412
376,8,1399
376,9,46
376,10,394
377,1,1645
377,2,1565
377,3,74
377,4,1676
377,5,859
377,6,1561
377,7,1073
377,8,1224
377,9,316
377,10,989
378,1,1669
378,2,1572
378,3,1300
378,4,1682
378,5,1525
378,6,718
378,7,1542
378,8,1349
378,9,1679
378,10,1552
379,1,1359
379,2,700
379,3,1402
379,4,1667
379,5,1453
379,6,868
379,7,646
379,8,1428
379,9,1666
379,10,1510
38,1,1158
38,2,75
38,3,112
38,4,1544
38,5,840
38,6,1669
38,7,784
38,8,1610
38,9,638
38,10,871
380,1,1614
380,2,1250
380,3,1510
380,4,36
380,5,874
380,6,577
380,7,1427
380,8,1369
380,9,1505
380,10,540
381,1,1679
381,2,1658
381,3,1141
381,4,1588
381,5,438
381,6,1548
381,7,1078
381,8,1457
381,9,1003
381,10,574
382,1,626
382,2,1584
382,3,1518
382,4,733
382,5,454
382,6,1637
382,7,949
382,8,803
382,9,1580
382,10,1473
383,1,1357
383,2,932
383,3,128
383,4,701
383,5,1436
383,6,1513
383,7,901
383,8,1235
383,9,1455
383,10,295
384,1,1170
384,2,745
384,3,859
384,4,246
384,5,861
384,6,1376
384,7,1595
384,8,1349
384,9,796
384,10,600
385,1,992
385,2,1343
385,3,1527
385,4,1472
385,5,1463
385,6,916
385,7,1656
385,8,1331
385,9,577
385,10,548
386,1,1630
386,2,745
386,3,1657
386,4,1081
386,5,803
386,6,1279
386,7,1652
386,8,1253
386,9,1075
386,10,878
387,1,1452
387,2,1403
387,3,1155
387,4,1682
387,5,1356
387,6,1421
387,7,775
387,8,556
387,9,1064
387,10,1495
388,1,1481
388,2,1636
388,3,1510
388,4,1246
388,5,1282
388,6,1160
388,7,1594
388,8,540
388,9,1625
388,10,1194
389,1,957
389,2,1442
389,3,1370
389,4,1677
389,5,1632
389,6,1213
389,7,1658
389,8,1434
389,9,1676
389,10,1299
39,1,362
39,2,1333
39,3,1397
39,4,700
39,5,677
39,6,765
39,7,1550
39,8,675
39,9,1681
39,10,1459
390,1,1628
390,2,942
390,3,718
390,4,1547
390,5,1645
390,6,124
390,7,245
390,8,1460
390,9,386
390,10,297
391,1,907
391,2,1458
391,3,1212
391,4,1427
391,5,1679
391,6,1055
391,7,1630
391,8,1627
391,9,1460
391,10,1200
392,1,758
392,2,1618
392,3,1268
392,4,996
392,5,437
392,6,1020
392,7,1184
392,8,296
392,9,1323
392,10,1370
393,1,1417
393,2,987
393,3,1238
393,4,1362
393,5,1344
393,6,1071
393,7,1102
393,8,1070
393,9,1180
393,10,1645
394,1,1510
394,2,1359
394,3,1606
394,4,1455
394,5,1347
394,6,1618
394,7,874
394,8,1371
394,9,1178
394,10,1036
395,1,1669
395,2,1623
395,3,1533
395,4,701
395,5,85
395,6,1452
395,7,1013
395,8,1308
395,9,362
395,10,1567
396,1,394
396,2,1174
396,3,1497
396,4,370
396,5,888
396,6,626
396,7,1341
396,8,1404
396,9,548
396,10,1411
397,1,1423
397,2,1331
397,3,1129
397,4,74
397,5,1189
397,6,1526
397,7,1653
397,8,1134
397,9,846
397,10,1008
398,1,1453
398,2,6
398,3,1443
398,4,907
398,5,1573
398,6,1108
398,7,1374
398,8,1468
398,9,1369
398,10,1087
399,1,453
399,2,1155
399,3,171
399,4,1269
399,5,901
399,6,592
399,7,590
399,8,593
399,9,1473
399,10,1343
4,1,1541
4,2,854
4,3,1567
4,4,1628
4,5,1455
4,6,1547
4,7,1501
4,8,1492
4,9,1510
4,10,1128
40,1,1455
40,2,1470
40,3,1253
40,4,745
40,5,947
40,6,1407
40,7,1659
40,8,805
40,9,915
40,10,1062
400,1,1579
400,2,1432
400,3,1630
400,4,1634
400,5,780
400,6,1226
400,7,1374
400,8,308
400,9,1501
400,10,730
401,1,1379
401,2,1628
401,3,1186
401,4,1275
401,5,368
401,6,1315
401,7,572
401,8,1314
401,9,722
401,10,512
402,1,1435
402,2,292
402,3,1599
402,4,45
402,5,997
402,6,152
402,7,330
402,8,1142
402,9,1504
402,10,1331
403,1,1609
403,2,1360
403,3,1358
403,4,793
403,5,1294
403,6,719
403,7,392
403,8,1555
403,9,440
403,10,1250
404,1,1481
404,2,1618
404,3,1510
404,4,1207
404,5,1369
404,6,1269
404,7,131
404,8,1596
404,9,697
404,10,1577
405,1,893
405,2,1505
405,3,1581
405,4,1112
405,5,718
405,6,1409
405,7,1326
405,8,1568
405,9,1144
405,10,1272
406,1,1453
406,2,1417
406,3,1369
406,4,1429
406,5,1447
406,6,1328
406,7,1452
406,8,1153
406,9,1279
406,10,1308
407,1,1219
407,2,1547
407,3,1611
407,4,1096
407,5,438
407,6,1344
407,7,888
407,8,1590
407,9,1143
407,10,1282
408,1,1144
408,2,1651
408,3,1551
408,4,622
408,5,1166
408,6,1501
408,7,1589
408,8,1443
408,9,1373
408,10,36
409,1,1587
409,2,1665
409,3,1624
409,4,981
409,5,1165
409,6,1367
409,7,571
409,8,1139
409,9,1075
409,10,1534
41,1,1618
41,2,114
41,3,861
41,4,122
41,5,153
41,6,1588
41,7,1596
41,8,246
41,9,266
41,10,1621
410,1,119
410,2,918
410,3,954
410,4,1388
410,5,1282
410,6,1246
410,7,1682
410,8,1177
410,9,1415
410,10,949
411,1,74
411,2,1307
411,3,1180
411,4,989
411,5,1644
411,6,1604
411,7,987
411,8,816
411,9,431
411,10,254
412,1,1437
412,2,330
412,3,1420
412,4,1217
412,5,1174
412,6,1300
412,7,1510
412,8,701
412,9,366
412,10,163
413,1,1522
413,2,1644
413,3,1477
413,4,1236
413,5,1343
413,6,1129
413,7,947
413,8,185
413,9,1670
413,10,637
414,1,18
414,2,1602
414,3,397
414,4,1373
414,5,1430
414,6,968
414,7,743
414,8,758
414,9,1564
414,10,812
415,1,911
415,2,1494
415,3,1579
415,4,976
415,5,1529
415,6,1488
415,7,1667
415,8,910
415,9,1254
415,10,797
416,1,437
416,2,1077
416,3,1470
416,4,1576
416,5,701
416,6,1331
416,7,1492
416,8,1448
416,9,1535
416,10,1102
417,1,1611
417,2,1627
417,3,1341
417,4,1378
417,5,1299
417,6,1096
417,7,681
417,8,1057
417,9,1172
417,10,1477
418,1,1376
418,2,900
418,3,611
418,4,1126
418,5,1370
418,6,1165
418,7,893
418,8,999
418,9,536
418,10,761
419,1,1311
419,2,1029
419,3,1271
419,4,1214
419,5,791
419,6,1439
419,7,909
419,8,92
419,9,1229
419,10,1617
42,1,1663
42,2,1581
42,3,1325
42,4,453
42,5,1357
42,6,1628
42,7,1351
42,8,1043
42,9,375
42,10,1609
420,1,1680
420,2,1406
420,3,1162
420,4,261
420,5,1243
420,6,1393
420,7,221
420,8,1430
420,9,1077
420,10,538
421,1,957
421,2,1571
421,3,1036
421,4,1654
421,5,1618
421,6,1394
421,7,1436
421,8,1278
421,9,1665
421,10,30
422,1,1575
422,2,1443
422,3,1068
422,4,1493
422,5,1453
422,6,775
422,7,1481
422,8,353
422,9,1540
422,10,1371
423,1,1246
423,2,1436
423,3,1366
423,4,1161
423,5,1251
423,6,138
423,7,949
423,8,1292
423,9,1304
423,10,972
424,1,1443
424,2,74
424,3,1604
424,4,1644
424,5,857
424,6,1481
424,7,1598
424,8,1651
424,9,46
424,10,1379
425,1,718
425,2,1343
425,3,1601
425,4,1660
425,5,812
425,6,876
425,7,1348
425,8,1564
425,9,212
425,10,1659
426,1,1556
426,2,1625
426,3,1306
426,4,1609
426,5,1021
426,6,486
426,7,1467
426,8,522
426,9,1651
426,10,672
427,1,807
427,2,353
427,3,1174
427,4,1606
427,5,1520
427,6,733
427,7,1628
427,8,1556
427,9,1493
427,10,937
428,1,1224
428,2,1270
428,3,776
428,4,1650
428,5,1526
428,6,587
428,7,1579
428,8,1486
428,9,1191
428,10,666
429,1,1412
429,2,1587
429,3,1397
429,4,1467
429,5,904
429,6,1582
429,7,1316
429,8,1189
429,9,1212
429,10,1369
43,1,1144
43,2,1271
43,3,1579
43,4,75
43,5,1613
43,6,828
43,7,539
43,8,1603
43,9,1521
43,10,1370
430,1,1547
430,2,1380
430,3,883
430,4,624
430,5,1482
430,6,591
430,7,1399
430,8,438
430,9,1196
430,10,320
431,1,1547
431,2,996
431,3,46
431,4,267
431,5,1184
431,6,1258
431,7,825
431,8,981
431,9,438
431,10,1474
432,1,1163
432,2,1547
432,3,1333
432,4,1293
432,5,1604
432,6,1659
432,7,1605
432,8,108
432,9,1557
432,10,1459
433,1,437
433,2,1174
433,3,594
433,4,836
433,5,605
433,6,1200
433,7,movie_id
433,8,1585
433,9,1343
433,10,1021
434,1,1438
434,2,1449
434,3,247
434,4,1616
434,5,457
434,6,1430
434,7,314
434,8,1178
434,9,947
434,10,1494
435,1,374
435,2,893
435,3,1510
435,4,1219
435,5,695
435,6,1438
435,7,1271
435,8,920
435,9,1588
435,10,824
436,1,893
436,2,1594
436,3,1501
436,4,773
436,5,1352
436,6,1630
436,7,1606
436,8,1144
436,9,1193
436,10,1426
437,1,1628
437,2,1321
437,3,759
437,4,1601
437,5,75
437,6,453
437,7,573
437,8,1582
437,9,1588
437,10,438
438,1,907
438,2,1606
438,3,459
438,4,352
438,5,279
438,6,1566
438,7,544
438,8,512
438,9,677
438,10,77
439,1,1029
439,2,1043
439,3,734
439,4,1276
439,5,861
439,6,571
439,7,786
439,8,857
439,9,844
439,10,75
44,1,1421
44,2,1357
44,3,1406
44,4,1328
44,5,1473
44,6,279
44,7,1006
44,8,1526
44,9,888
44,10,1351
440,1,1029
440,2,1486
440,3,730
440,4,1514
440,5,1526
440,6,316
440,7,1468
440,8,1331
440,9,911
440,10,776
441,1,1370
441,2,1279
441,3,1396
441,4,1630
441,5,1613
441,6,981
441,7,1460
441,8,1680
441,9,1252
441,10,987
442,1,1352
442,2,1212
442,3,533
442,4,1642
442,5,1043
442,6,1463
442,7,189
442,8,1066
442,9,1316
442,10,720
443,1,1579
443,2,1630
443,3,1613
443,4,740
443,5,1680
443,6,1072
443,7,822
443,8,1103
443,9,752
443,10,1374
444,1,1548
444,2,37
444,3,907
444,4,1628
444,5,1135
444,6,969
444,7,124
444,8,192
444,9,1515
444,10,771
445,1,1604
445,2,1184
445,3,437
445,4,1523
445,5,1475
445,6,1481
445,7,1559
445,8,130
445,9,944
445,10,1347
446,1,75
446,2,1522
446,3,1630
446,4,1144
446,5,1251
446,6,1141
446,7,1477
446,8,1029
446,9,1496
446,10,992
447,1,808
447,2,687
447,3,75
447,4,1575
447,5,1414
447,6,1657
447,7,699
447,8,1263
447,9,1628
447,10,1117
448,1,1240
448,2,1172
448,3,473
448,4,1078
448,5,1658
448,6,1643
448,7,1086
448,8,1654
448,9,667
448,10,1174
449,1,1511
449,2,626
449,3,1464
449,4,1507
449,5,779
449,6,1508
449,7,1179
449,8,560
449,9,1663
449,10,858
45,1,712
45,2,1368
45,3,1593
45,4,793
45,5,1421
45,6,1513
45,7,1321
45,8,903
45,9,1351
45,10,335
450,1,1610
450,2,1607
450,3,1253
450,4,1327
450,5,1645
450,6,1251
450,7,1003
450,8,1373
450,9,1473
450,10,1676
451,1,888
451,2,1587
451,3,921
451,4,1484
451,5,599
451,6,1029
451,7,254
451,8,1547
451,9,49
451,10,1259
452,1,1617
452,2,1443
452,3,1429
452,4,1453
452,5,1501
452,6,1254
452,7,437
452,8,949
452,9,1342
452,10,1388
453,1,1171
453,2,119
453,3,1359
453,4,647
453,5,1489
453,6,1297
453,7,442
453,8,927
453,9,850
453,10,630
454,1,1357
454,2,1313
454,3,1417
454,4,1501
454,5,793
454,6,128
454,7,1021
454,8,1262
454,9,921
454,10,1559
455,1,1647
455,2,1651
455,3,1342
455,4,1347
455,5,1539
455,6,1674
455,7,1563
455,8,1325
455,9,968
455,10,18
456,1,1331
456,2,626
456,3,1604
456,4,814
456,5,1335
456,6,1486
456,7,1586
456,8,1258
456,9,1614
456,10,1201
457,1,1606
457,2,973
457,3,1484
457,4,1659
457,5,1667
457,6,1481
457,7,1325
457,8,1162
457,9,1491
457,10,1536
458,1,1632
458,2,1144
458,3,1550
458,4,1406
458,5,1321
458,6,759
458,7,1508
458,8,1663
458,9,1000
458,10,1461
459,1,1545
459,2,437
459,3,1493
459,4,1459
459,5,1207
459,6,1598
459,7,929
459,8,1029
459,9,607
459,10,1064
46,1,638
46,2,1645
46,3,1476
46,4,1353
46,5,316
46,6,1358
46,7,341
46,8,1457
46,9,122
46,10,1029
460,1,1397
460,2,1644
460,3,1237
460,4,103
460,5,35
460,6,1149
460,7,1299
460,8,290
460,9,1379
460,10,370
461,1,1370
461,2,1029
461,3,1104
461,4,999
461,5,20
461,6,1122
461,7,1418
461,8,1099
461,9,398
461,10,1117
462,1,1373
462,2,1506
462,3,107
462,4,1126
462,5,944
462,6,1678
462,7,868
462,8,1674
462,9,536
462,10,904
463,1,296
463,2,893
463,3,1637
463,4,835
463,5,1389
463,6,623
463,7,1468
463,8,1153
463,9,666
463,10,910
464,1,1463
464,2,1672
464,3,1523
464,4,1438
464,5,1563
464,6,1559
464,7,947
464,8,1392
464,9,927
464,10,1616
465,1,701
465,2,1235
465,3,957
465,4,818
465,5,1365
465,6,362
465,7,130
465,8,1614
465,9,1089
465,10,1623
466,1,767
466,2,1544
466,3,1068
466,4,1641
466,5,1359
466,6,1571
466,7,1643
466,8,957
466,9,1256
466,10,696
467,1,1587
467,2,926
467,3,1607
467,4,1650
467,5,1029
467,6,1532
467,7,1519
467,8,556
467,9,1383
467,10,912
468,1,1546
468,2,1614
468,3,1029
468,4,617
468,5,130
468,6,1367
468,7,1656
468,8,1230
468,9,542
468,10,798
469,1,907
469,2,1494
469,3,1140
469,4,145
469,5,724
469,6,1640
469,7,972
469,8,1544
469,9,1318
469,10,1549
47,1,6
47,2,1186
47,3,1187
47,4,1165
47,5,1355
47,6,1072
47,7,935
47,8,638
47,9,1505
47,10,1267
470,1,753
470,2,1328
470,3,119
470,4,1430
470,5,348
470,6,643
470,7,1061
470,8,18
470,9,1299
470,10,422
471,1,949
471,2,1424
471,3,460
471,4,1512
471,5,827
471,6,1543
471,7,movie_id
471,8,1452
471,9,335
471,10,1571
472,1,677
472,2,362
472,3,1400
472,4,700
472,5,1577
472,6,1304
472,7,1379
472,8,1667
472,9,1130
472,10,1055
473,1,1081
473,2,1342
473,3,1253
473,4,1301
473,5,1453
473,6,1328
473,7,1626
473,8,1637
473,9,1654
473,10,1617
474,1,1421
474,2,1398
474,3,1261
474,4,1075
474,5,593
474,6,1473
474,7,1424
474,8,874
474,9,972
474,10,1609
475,1,1427
475,2,1681
475,3,1664
475,4,1544
475,5,1299
475,6,1508
475,7,464
475,8,439
475,9,1568
475,10,256
476,1,1610
476,2,1353
476,3,1055
476,4,1125
476,5,878
476,6,1679
476,7,1426
476,8,348
476,9,1190
476,10,893
477,1,1046
477,2,454
477,3,453
477,4,542
477,5,329
477,6,1306
477,7,601
477,8,806
477,9,719
477,10,323
478,1,1546
478,2,1547
478,3,1567
478,4,718
478,5,624
478,6,1389
478,7,1186
478,8,34
478,9,1508
478,10,1507
479,1,1682
479,2,1552
479,3,1564
479,4,1409
479,5,1359
479,6,1064
479,7,1053
479,8,1638
479,9,1595
479,10,1417
48,1,965
48,2,1640
48,3,1472
48,4,371
48,5,1155
48,6,1169
48,7,1560
48,8,1600
48,9,1476
48,10,730
480,1,1464
480,2,1637
480,3,1128
480,4,1601
480,5,1089
480,6,989
480,7,267
480,8,1219
480,9,1604
480,10,1679
481,1,1504
481,2,1122
481,3,1654
481,4,1436
481,5,454
481,6,1431
481,7,1117
481,8,981
481,9,1300
481,10,726
482,1,1174
482,2,1032
482,3,1286
482,4,1679
482,5,1006
482,6,1004
482,7,1513
482,8,1511
482,9,667
482,10,1321
483,1,1341
483,2,1477
483,3,536
483,4,1390
483,5,907
483,6,1258
483,7,556
483,8,891
483,9,1374
483,10,1333
484,1,1571
484,2,638
484,3,1200
484,4,437
484,5,1460
484,6,1676
484,7,1606
484,8,1464
484,9,1561
484,10,1153
485,1,1579
485,2,1596
485,3,1594
485,4,1366
485,5,1043
485,6,1536
485,7,687
485,8,1267
485,9,852
485,10,1261
486,1,1630
486,2,1626
486,3,1267
486,4,1233
486,5,1057
486,6,110
486,7,1501
486,8,1296
486,9,1061
486,10,1529
487,1,1223
487,2,1556
487,3,921
487,4,1352
487,5,1169
487,6,1417
487,7,1187
487,8,1599
487,9,1645
487,10,1270
488,1,677
488,2,1498
488,3,907
488,4,1339
488,5,438
488,6,314
488,7,1191
488,8,1630
488,9,951
488,10,267
489,1,987
489,2,1459
489,3,1616
489,4,816
489,5,1502
489,6,1113
489,7,1165
489,8,1680
489,9,899
489,10,638
49,1,1343
49,2,1616
49,3,987
49,4,1426
49,5,829
49,6,1613
49,7,972
49,8,1279
49,9,457
49,10,1652
490,1,1129
490,2,1423
490,3,957
490,4,1292
490,5,1653
490,6,1304
490,7,848
490,8,1669
490,9,976
490,10,1385
491,1,1545
491,2,957
491,3,384
491,4,1488
491,5,1089
491,6,767
491,7,906
491,8,1083
491,9,1397
491,10,765
492,1,957
492,2,335
492,3,1441
492,4,1357
492,5,921
492,6,1417
492,7,959
492,8,1543
492,9,1262
492,10,730
493,1,1543
493,2,893
493,3,1540
493,4,822
493,5,1395
493,6,1458
493,7,838
493,8,1294
493,9,1406
493,10,765
494,1,646
494,2,1320
494,3,1175
494,4,1613
494,5,1064
494,6,1114
494,7,1360
494,8,1122
494,9,1614
494,10,906
495,1,1553
495,2,626
495,3,1053
495,4,1151
495,5,113
495,6,1174
495,7,1580
495,8,454
495,9,1628
495,10,1246
496,1,1667
496,2,700
496,3,827
496,4,353
496,5,1628
496,6,1253
496,7,437
496,8,1625
496,9,986
496,10,1237
497,1,1351
497,2,861
497,3,1053
497,4,1612
497,5,1331
497,6,734
497,7,1501
497,8,1617
497,9,1334
497,10,1654
498,1,1304
498,2,1356
498,3,1674
498,4,1403
498,5,36
498,6,1314
498,7,1436
498,8,1100
498,9,987
498,10,646
499,1,1169
499,2,1166
499,3,1665
499,4,1661
499,5,1606
499,6,1556
499,7,1069
499,8,1034
499,9,1347
499,10,1367
5,1,1279
5,2,1487
5,3,1605
5,4,537
5,5,1255
5,6,1661
5,7,1672
5,8,829
5,9,1075
5,10,261
50,1,1587
50,2,1214
50,3,1624
50,4,1342
50,5,449
50,6,1682
50,7,1147
50,8,1007
50,9,190
50,10,895
500,1,1362
500,2,1507
500,3,1464
500,4,798
500,5,718
500,6,1604
500,7,1514
500,8,459
500,9,1482
500,10,1678
501,1,564
501,2,1343
501,3,1613
501,4,980
501,5,1320
501,6,1034
501,7,1410
501,8,661
501,9,1665
501,10,1214
502,1,1207
502,2,1390
502,3,1568
502,4,1461
502,5,261
502,6,912
502,7,1346
502,8,589
502,9,553
502,10,1297
503,1,1077
503,2,973
503,3,641
503,4,1294
503,5,1460
503,6,477
503,7,1576
503,8,1455
503,9,542
503,10,1121
504,1,1575
504,2,1666
504,3,1253
504,4,1617
504,5,1570
504,6,1223
504,7,1344
504,8,1497
504,9,884
504,10,84
505,1,1379
505,2,536
505,3,1333
505,4,1370
505,5,1583
505,6,1287
505,7,1122
505,8,297
505,9,1614
505,10,488
506,1,1166
506,2,1279
506,3,1632
506,4,1572
506,5,1325
506,6,1169
506,7,1470
506,8,1331
506,9,1436
506,10,711
507,1,1637
507,2,1029
507,3,1307
507,4,454
507,5,1180
507,6,1141
507,7,1360
507,8,365
507,9,1545
507,10,49
508,1,992
508,2,544
508,3,951
508,4,775
508,5,1630
508,6,908
508,7,1421
508,8,1473
508,9,1233
508,10,305
509,1,667
509,2,999
509,3,297
509,4,803
509,5,829
509,6,564
509,7,113
509,8,1300
509,9,957
509,10,661
51,1,1043
51,2,931
51,3,858
51,4,1356
51,5,437
51,6,339
51,7,1396
51,8,1012
51,9,1112
51,10,1392
510,1,1443
510,2,1092
510,3,1316
510,4,914
510,5,1369
510,6,1508
510,7,1071
510,8,1507
510,9,757
510,10,226
511,1,1645
511,2,1681
511,3,1508
511,4,675
511,5,1092
511,6,397
511,7,1526
511,8,643
511,9,948
511,10,850
512,1,1602
512,2,369
512,3,247
512,4,1434
512,5,1625
512,6,1367
512,7,594
512,8,342
512,9,1237
512,10,525
513,1,330
513,2,1492
513,3,1668
513,4,1617
513,5,1126
513,6,548
513,7,1134
513,8,1572
513,9,1522
513,10,456
514,1,1432
514,2,996
514,3,1186
514,4,901
514,5,1563
514,6,1169
514,7,1562
514,8,453
514,9,1663
514,10,1389
515,1,1578
515,2,1470
515,3,1462
515,4,712
515,5,957
515,6,1386
515,7,662
515,8,1669
515,9,1066
515,10,1667
516,1,1460
516,2,1462
516,3,618
516,4,915
516,5,1258
516,6,1471
516,7,986
516,8,1237
516,9,847
516,10,830
517,1,394
517,2,1395
517,3,1297
517,4,330
517,5,1351
517,6,65
517,7,600
517,8,688
517,9,1459
517,10,1671
518,1,1676
518,2,545
518,3,1174
518,4,1424
518,5,1373
518,6,1658
518,7,74
518,8,1299
518,9,1554
518,10,1645
519,1,1165
519,2,1510
519,3,867
519,4,1450
519,5,1577
519,6,247
519,7,1415
519,8,1603
519,9,1369
519,10,987
52,1,1407
52,2,719
52,3,590
52,4,1638
52,5,1019
52,6,947
52,7,1448
52,8,707
52,9,1071
52,10,1581
520,1,525
520,2,1679
520,3,908
520,4,1526
520,5,537
520,6,1210
520,7,119
520,8,957
520,9,1201
520,10,645
521,1,1613
521,2,1382
521,3,1544
521,4,1553
521,5,1343
521,6,965
521,7,1473
521,8,1201
521,9,1426
521,10,1443
522,1,1053
522,2,1343
522,3,390
522,4,1261
522,5,1481
522,6,989
522,7,1473
522,8,1553
522,9,113
522,10,1021
523,1,1632
523,2,1070
523,3,536
523,4,1155
523,5,1420
523,6,730
523,7,1663
523,8,1590
523,9,1606
523,10,1510
524,1,1625
524,2,1547
524,3,1609
524,4,1342
524,5,957
524,6,1673
524,7,911
524,8,1359
524,9,1357
524,10,1043
525,1,1277
525,2,114
525,3,377
525,4,1168
525,5,1174
525,6,1101
525,7,783
525,8,1443
525,9,999
525,10,1267
526,1,1613
526,2,1149
526,3,1443
526,4,1664
526,5,1380
526,6,1383
526,7,1279
526,8,1316
526,9,832
526,10,926
527,1,1117
527,2,1667
527,3,46
527,4,776
527,5,1602
527,6,1598
527,7,1361
527,8,1682
527,9,1343
527,10,972
528,1,1293
528,2,1402
528,3,449
528,4,185
528,5,1292
528,6,1113
528,7,1473
528,8,1160
528,9,1159
528,10,601
529,1,1628
529,2,790
529,3,267
529,4,1536
529,5,1561
529,6,1623
529,7,642
529,8,791
529,9,1484
529,10,1460
53,1,1279
53,2,1556
53,3,1453
53,4,75
53,5,734
53,6,1600
53,7,1021
53,8,293
53,9,330
53,10,1405
530,1,1146
530,2,1547
530,3,1399
530,4,1186
530,5,795
530,6,1482
530,7,1653
530,8,1045
530,9,998
530,10,86
531,1,1053
531,2,1108
531,3,1246
531,4,798
531,5,1604
531,6,1477
531,7,857
531,8,1203
531,9,1232
531,10,1508
532,1,138
532,2,1567
532,3,1271
532,4,814
532,5,1359
532,6,1582
532,7,1398
532,8,1594
532,9,1636
532,10,1512
533,1,1570
533,2,1477
533,3,1232
533,4,1644
533,5,1664
533,6,1390
533,7,1298
533,8,1443
533,9,548
533,10,571
534,1,1237
534,2,1397
534,3,1343
534,4,1650
534,5,1519
534,6,35
534,7,976
534,8,1338
534,9,1046
534,10,728
535,1,1606
535,2,757
535,3,1477
535,4,1676
535,5,1485
535,6,1186
535,7,1562
535,8,1393
535,9,1066
535,10,775
536,1,296
536,2,1255
536,3,1081
536,4,899
536,5,1528
536,6,1354
536,7,422
536,8,1348
536,9,1207
536,10,1617
537,1,1201
537,2,917
537,3,1322
537,4,1482
537,5,1668
537,6,1632
537,7,1526
537,8,1591
537,9,1508
537,10,1373
538,1,1625
538,2,1108
538,3,798
538,4,1556
538,5,605
538,6,1144
538,7,1485
538,8,1235
538,9,1122
538,10,1579
539,1,1553
539,2,119
539,3,643
539,4,976
539,5,353
539,6,1362
539,7,1473
539,8,1361
539,9,1102
539,10,1292
54,1,1623
54,2,345
54,3,1437
54,4,1379
54,5,1038
54,6,1347
54,7,1344
54,8,579
54,9,1166
54,10,408
540,1,1398
540,2,1502
540,3,987
540,4,1174
540,5,1001
540,6,482
540,7,1043
540,8,1562
540,9,745
540,10,701
541,1,1144
541,2,1627
541,3,1674
541,4,1568
541,5,1411
541,6,1185
541,7,1354
541,8,1156
541,9,247
541,10,1345
542,1,1212
542,2,1141
542,3,1460
542,4,1679
542,5,1504
542,6,314
542,7,438
542,8,1416
542,9,1527
542,10,1467
543,1,1562
543,2,1306
543,3,36
543,4,1102
543,5,1262
543,6,1609
543,7,1478
543,8,760
543,9,1417
543,10,1441
544,1,1626
544,2,1603
544,3,1424
544,4,376
544,5,1299
544,6,1570
544,7,1495
544,8,648
544,9,1061
544,10,630
545,1,773
545,2,1522
545,3,1657
545,4,1561
545,5,1606
545,6,893
545,7,394
545,8,1624
545,9,1621
545,10,1097
546,1,987
546,2,1165
546,3,1569
546,4,1502
546,5,1591
546,6,974
546,7,1606
546,8,1420
546,9,503
546,10,1430
547,1,957
547,2,555
547,3,1471
547,4,1388
547,5,1569
547,6,1682
547,7,765
547,8,846
547,9,1525
547,10,767
548,1,555
548,2,1504
548,3,1603
548,4,1455
548,5,1516
548,6,1305
548,7,666
548,8,1585
548,9,893
548,10,1096
549,1,1287
549,2,1438
549,3,1359
549,4,378
549,5,141
549,6,681
549,7,1072
549,8,1403
549,9,1448
549,10,1611
55,1,701
55,2,1437
55,3,670
55,4,1504
55,5,794
55,6,1300
55,7,1627
55,8,1592
55,9,1162
55,10,1344
550,1,1199
550,2,1075
550,3,1630
550,4,677
550,5,983
550,6,1356
550,7,1339
550,8,1171
550,9,862
550,10,1015
551,1,1077
551,2,861
551,3,138
551,4,1293
551,5,590
551,6,1453
551,7,1504
551,8,1567
551,9,1387
551,10,1416
552,1,1658
552,2,1577
552,3,1402
552,4,1452
552,5,1667
552,6,1682
552,7,884
552,8,827
552,9,1187
552,10,1424
553,1,1477
553,2,1251
553,3,1299
553,4,1327
553,5,376
553,6,1348
553,7,149
553,8,781
553,9,1516
553,10,1585
554,1,1637
554,2,497
554,3,1070
554,4,1459
554,5,438
554,6,1400
554,7,454
554,8,1522
554,9,1626
554,10,1497
555,1,1313
555,2,1463
555,3,1481
555,4,1356
555,5,770
555,6,1624
555,7,1024
555,8,1663
555,9,670
555,10,794
556,1,1368
556,2,957
556,3,1443
556,4,1386
556,5,1440
556,6,1426
556,7,733
556,8,1373
556,9,751
556,10,459
557,1,907
557,2,1399
557,3,376
557,4,1099
557,5,1088
557,6,917
557,7,422
557,8,1031
557,9,612
557,10,1065
558,1,1617
558,2,1623
558,3,766
558,4,857
558,5,1073
558,6,945
558,7,1522
558,8,1015
558,9,1170
558,10,1227
559,1,1443
559,2,1609
559,3,1358
559,4,439
559,5,1463
559,6,1369
559,7,1260
559,8,957
559,9,362
559,10,1075
56,1,1390
56,2,1371
56,3,1546
56,4,1289
56,5,1272
56,6,1300
56,7,992
56,8,1287
56,9,1024
56,10,842
560,1,1567
560,2,996
560,3,138
560,4,1582
560,5,1219
560,6,1348
560,7,439
560,8,702
560,9,1440
560,10,1303
561,1,957
561,2,1153
561,3,1587
561,4,1279
561,5,1625
561,6,1575
561,7,1301
561,8,869
561,9,1312
561,10,1670
562,1,564
562,2,297
562,3,551
562,4,1398
562,5,1242
562,6,1365
562,7,662
562,8,1237
562,9,460
562,10,1189
563,1,1021
563,2,225
563,3,1461
563,4,600
563,5,1267
563,6,641
563,7,1080
563,8,912
563,9,861
563,10,798
564,1,1189
564,2,1089
564,3,817
564,4,1380
564,5,996
564,6,1582
564,7,114
564,8,1511
564,9,623
564,10,988
565,1,1388
565,2,1437
565,3,1567
565,4,1604
565,5,1099
565,6,48
565,7,996
565,8,1162
565,9,1330
565,10,119
566,1,987
566,2,973
566,3,1581
566,4,247
566,5,613
566,6,1023
566,7,1680
566,8,1299
566,9,1141
566,10,1392
567,1,256
567,2,437
567,3,957
567,4,835
567,5,1529
567,6,1571
567,7,1236
567,8,1458
567,9,1423
567,10,1081
568,1,1306
568,2,1577
568,3,996
568,4,1333
568,5,729
568,6,1512
568,7,1588
568,8,16
568,9,1156
568,10,1430
569,1,1544
569,2,1151
569,3,467
569,4,1443
569,5,1546
569,6,857
569,7,623
569,8,977
569,9,860
569,10,1613
57,1,1625
57,2,765
57,3,1189
57,4,733
57,5,1459
57,6,1492
57,7,1361
57,8,1545
57,9,370
57,10,957
570,1,1347
570,2,669
570,3,1661
570,4,1438
570,5,1539
570,6,1357
570,7,1452
570,8,247
570,9,1424
570,10,1186
571,1,626
571,2,921
571,3,1236
571,4,1559
571,5,1010
571,6,459
571,7,791
571,8,370
571,9,911
571,10,1033
572,1,376
572,2,1668
572,3,119
572,4,1626
572,5,1442
572,6,1096
572,7,1359
572,8,701
572,9,1544
572,10,1603
573,1,1522
573,2,1180
573,3,1167
573,4,955
573,5,1674
573,6,1307
573,7,1658
573,8,437
573,9,1404
573,10,35
574,1,1477
574,2,1599
574,3,1239
574,4,1277
574,5,1184
574,6,1013
574,7,1604
574,8,1586
574,9,1443
574,10,702
575,1,1481
575,2,773
575,3,1378
575,4,364
575,5,1443
575,6,1565
575,7,622
575,8,1193
575,9,1562
575,10,511
576,1,1161
576,2,1438
576,3,630
576,4,1403
576,5,1176
576,6,308
576,7,743
576,8,1009
576,9,1621
576,10,1151
577,1,1626
577,2,1180
577,3,1575
577,4,1594
577,5,532
577,6,119
577,7,1001
577,8,687
577,9,1574
577,10,374
578,1,1547
578,2,1378
578,3,1459
578,4,1173
578,5,1208
578,6,1293
578,7,1274
578,8,1296
578,9,1367
578,10,299
579,1,1333
579,2,495
579,3,1570
579,4,613
579,5,1299
579,6,816
579,7,626
579,8,1477
579,9,457
579,10,1279
58,1,1587
58,2,394
58,3,775
58,4,1213
58,5,1422
58,6,1411
58,7,848
58,8,957
58,9,1346
58,10,1646
580,1,1608
580,2,641
580,3,1632
580,4,1572
580,5,1436
580,6,1412
580,7,460
580,8,1029
580,9,67
580,10,1000
581,1,437
581,2,1604
581,3,564
581,4,289
581,5,683
581,6,1072
581,7,1582
581,8,1477
581,9,360
581,10,1320
582,1,931
582,2,1464
582,3,1153
582,4,1295
582,5,1174
582,6,899
582,7,299
582,8,1630
582,9,1165
582,10,1486
583,1,1169
583,2,915
583,3,1579
583,4,161
583,5,1610
583,6,1470
583,7,1192
583,8,1613
583,9,372
583,10,1670
584,1,1360
584,2,1655
584,3,459
584,4,1089
584,5,1553
584,6,1508
584,7,1609
584,8,1045
584,9,1187
584,10,1409
585,1,861
585,2,859
585,3,1418
585,4,1391
585,5,442
585,6,1171
585,7,1621
585,8,264
585,9,424
585,10,1624
586,1,1383
586,2,897
586,3,1341
586,4,1611
586,5,1378
586,6,1587
586,7,1146
586,8,1173
586,9,1436
586,10,1610
587,1,1651
587,2,1072
587,3,1246
587,4,1398
587,5,814
587,6,1379
587,7,1565
587,8,1559
587,9,1001
587,10,46
588,1,1547
588,2,957
588,3,1348
588,4,1174
588,5,1377
588,6,1354
588,7,296
588,8,1275
588,9,1610
588,10,1400
589,1,1310
589,2,793
589,3,1311
589,4,1319
589,5,1573
589,6,745
589,7,171
589,8,1356
589,9,760
589,10,1262
59,1,1553
59,2,1455
59,3,624
59,4,1491
59,5,1436
59,6,1659
59,7,1470
59,8,1412
59,9,1199
59,10,1499
590,1,848
590,2,1031
590,3,1448
590,4,1249
590,5,957
590,6,1048
590,7,1346
590,8,983
590,9,1027
590,10,677
591,1,1577
591,2,1539
591,3,1674
591,4,947
591,5,622
591,6,955
591,7,1658
591,8,590
591,9,329
591,10,316
592,1,1567
592,2,701
592,3,1359
592,4,1372
592,5,1512
592,6,1547
592,7,1436
592,8,1481
592,9,1594
592,10,1410
593,1,1369
593,2,1424
593,3,1186
593,4,1583
593,5,1578
593,6,638
593,7,30
593,8,142
593,9,674
593,10,122
594,1,1669
594,2,1246
594,3,1129
594,4,1189
594,5,1670
594,6,844
594,7,1095
594,8,1675
594,9,1184
594,10,1424
595,1,1175
595,2,1642
595,3,1624
595,4,600
595,5,1511
595,6,46
595,7,996
595,8,533
595,9,1458
595,10,247
596,1,1306
596,2,1512
596,3,1251
596,4,641
596,5,1188
596,6,527
596,7,781
596,8,1380
596,9,726
596,10,1185
597,1,1464
597,2,1287
597,3,1104
597,4,899
597,5,477
597,6,1207
597,7,1649
597,8,1258
597,9,437
597,10,386
598,1,1678
598,2,1463
598,3,1187
598,4,214
598,5,316
598,6,171
598,7,1379
598,8,1175
598,9,1573
598,10,1370
599,1,1527
599,2,1457
599,3,1663
599,4,1321
599,5,759
599,6,641
599,7,1037
599,8,543
599,9,1138
599,10,1424
6,1,353
6,2,1332
6,3,1544
6,4,874
6,5,1178
6,6,1219
6,7,1347
6,8,1481
6,9,1476
6,10,1549
60,1,1658
60,2,1341
60,3,1253
60,4,1652
60,5,495
60,6,1473
60,7,1506
60,8,724
60,9,1443
60,10,962
600,1,1424
600,2,666
600,3,886
600,4,1636
600,5,1439
600,6,1512
600,7,601
600,8,1485
600,9,1046
600,10,1599
601,1,1414
601,2,1429
601,3,929
601,4,1608
601,5,1411
601,6,1369
601,7,853
601,8,1449
601,9,1522
601,10,700
602,1,1653
602,2,1547
602,3,897
602,4,998
602,5,1559
602,6,1679
602,7,1464
602,8,731
602,9,1129
602,10,437
603,1,1579
603,2,972
603,3,1327
603,4,1034
603,5,1325
603,6,1224
603,7,686
603,8,551
603,9,723
603,10,1613
604,1,851
604,2,1172
604,3,1246
604,4,987
604,5,1403
604,6,944
604,7,1299
604,8,457
604,9,65
604,10,263
605,1,1547
605,2,1628
605,3,808
605,4,1306
605,5,1581
605,6,1175
605,7,1459
605,8,1174
605,9,1567
605,10,1579
606,1,1651
606,2,1463
606,3,1043
606,4,599
606,5,1485
606,6,1335
606,7,1596
606,8,1370
606,9,626
606,10,442
607,1,1333
607,2,1606
607,3,1427
607,4,1390
607,5,1254
607,6,1347
607,7,907
607,8,885
607,9,1146
607,10,1178
608,1,1304
608,2,1525
608,3,1682
608,4,1530
608,5,1603
608,6,810
608,7,460
608,8,920
608,9,1077
608,10,1302
609,1,1108
609,2,1102
609,3,1193
609,4,1351
609,5,1328
609,6,movie_id
609,7,1443
609,8,261
609,9,734
609,10,147
61,1,1331
61,2,893
61,3,1427
61,4,733
61,5,1376
61,6,464
61,7,845
61,8,1612
61,9,1655
61,10,634
610,1,1169
610,2,330
610,3,1477
610,4,104
610,5,781
610,6,1248
610,7,1390
610,8,1245
610,9,1166
610,10,1423
611,1,1455
611,2,1628
611,3,1308
611,4,1365
611,5,1062
611,6,1310
611,7,387
611,8,1277
611,9,1470
611,10,1538
612,1,1146
612,2,394
612,3,1611
612,4,998
612,5,1287
612,6,743
612,7,722
612,8,1614
612,9,1300
612,10,1606
613,1,1169
613,2,1072
613,3,1192
613,4,996
613,5,1063
613,6,43
613,7,1579
613,8,330
613,9,1233
613,10,1663
614,1,1461
614,2,1427
614,3,1548
614,4,1550
614,5,1633
614,6,718
614,7,1645
614,8,1247
614,9,1112
614,10,462
615,1,1077
615,2,1326
615,3,677
615,4,996
615,5,1448
615,6,1590
615,7,730
615,8,1245
615,9,1548
615,10,820
616,1,1646
616,2,555
616,3,730
616,4,1516
616,5,556
616,6,999
616,7,212
616,8,1167
616,9,1139
616,10,745
617,1,891
617,2,1566
617,3,1299
617,4,1297
617,5,1287
617,6,562
617,7,1077
617,8,1423
617,9,1579
617,10,287
618,1,1211
618,2,973
618,3,1395
618,4,261
618,5,1553
618,6,695
618,7,1529
618,8,688
618,9,686
618,10,1477
619,1,1508
619,2,1131
619,3,1632
619,4,1467
619,5,1242
619,6,545
619,7,861
619,8,1631
619,9,138
619,10,1192
62,1,1579
62,2,801
62,3,1467
62,4,1635
62,5,1151
62,6,1327
62,7,973
62,8,1427
62,9,1174
62,10,911
620,1,1463
620,2,261
620,3,1379
620,4,1029
620,5,1545
620,6,706
620,7,1423
620,8,1391
620,9,857
620,10,165
621,1,1144
621,2,1504
621,3,1322
621,4,1345
621,5,437
621,6,1579
621,7,1310
621,8,1448
621,9,1522
621,10,907
622,1,1639
622,2,1166
622,3,1279
622,4,1623
622,5,1459
622,6,1108
622,7,818
622,8,261
622,9,1122
622,10,1632
623,1,1569
623,2,1368
623,3,1423
623,4,1560
623,5,1297
623,6,745
623,7,247
623,8,843
623,9,361
623,10,1669
624,1,1343
624,2,1613
624,3,1200
624,4,1108
624,5,533
624,6,857
624,7,1443
624,8,341
624,9,1549
624,10,1320
625,1,1560
625,2,861
625,3,1547
625,4,714
625,5,1255
625,6,1509
625,7,1661
625,8,1113
625,9,775
625,10,1552
626,1,1146
626,2,1652
626,3,1469
626,4,1339
626,5,951
626,6,1653
626,7,1279
626,8,467
626,9,1078
626,10,1142
627,1,75
627,2,1588
627,3,1573
627,4,1144
627,5,84
627,6,1418
627,7,453
627,8,1325
627,9,1470
627,10,1331
628,1,1507
628,2,1448
628,3,1189
628,4,1547
628,5,1670
628,6,1346
628,7,1152
628,8,1296
628,9,792
628,10,641
629,1,394
629,2,1357
629,3,1612
629,4,1397
629,5,1434
629,6,733
629,7,1139
629,8,370
629,9,128
629,10,1149
63,1,1515
63,2,1545
63,3,951
63,4,1386
63,5,1156
63,6,1543
63,7,1382
63,8,1514
63,9,1526
63,10,1544
630,1,1373
630,2,551
630,3,1162
630,4,1599
630,5,981
630,6,1477
630,7,800
630,8,910
630,9,1230
630,10,1336
631,1,624
631,2,1481
631,3,104
631,4,1162
631,5,532
631,6,1510
631,7,1668
631,8,364
631,9,695
631,10,1217
632,1,1672
632,2,1216
632,3,1029
632,4,810
632,5,1487
632,6,1486
632,7,1405
632,8,1249
632,9,movie_id
632,10,1313
633,1,1370
633,2,973
633,3,1378
633,4,1628
633,5,1536
633,6,1424
633,7,1581
633,8,316
633,9,666
633,10,1077
634,1,1667
634,2,1368
634,3,1588
634,4,1241
634,5,1534
634,6,1632
634,7,1004
634,8,903
634,9,1006
634,10,935
635,1,1570
635,2,793
635,3,18
635,4,1369
635,5,1645
635,6,504
635,7,1564
635,8,1231
635,9,1609
635,10,1658
636,1,677
636,2,1153
636,3,1255
636,4,962
636,5,1213
636,6,388
636,7,1095
636,8,758
636,9,1470
636,10,643
637,1,1467
637,2,1579
637,3,1591
637,4,948
637,5,1477
637,6,877
637,7,1267
637,8,1476
637,9,1514
637,10,1610
638,1,1510
638,2,987
638,3,1061
638,4,1450
638,5,506
638,6,1594
638,7,1377
638,8,59
638,9,1113
638,10,267
639,1,1427
639,2,990
639,3,1435
639,4,499
639,5,1237
639,6,1426
639,7,718
639,8,1460
639,9,1343
639,10,1333
64,1,1211
64,2,1167
64,3,1569
64,4,1450
64,5,247
64,6,266
64,7,837
64,8,1005
64,9,1581
64,10,1475
640,1,1161
640,2,1199
640,3,1158
640,4,1653
640,5,1508
640,6,1581
640,7,1464
640,8,848
640,9,138
640,10,789
641,1,1512
641,2,583
641,3,551
641,4,608
641,5,1189
641,6,1553
641,7,1270
641,8,1680
641,9,1169
641,10,825
642,1,1326
642,2,1370
642,3,1682
642,4,1187
642,5,1376
642,6,1493
642,7,1600
642,8,1165
642,9,1229
642,10,730
643,1,1201
643,2,964
643,3,1656
643,4,1626
643,5,1615
643,6,1271
643,7,766
643,8,1322
643,9,1677
643,10,1591
644,1,1477
644,2,863
644,3,1586
644,4,46
644,5,1651
644,6,1508
644,7,1475
644,8,307
644,9,1485
644,10,554
645,1,1077
645,2,643
645,3,1504
645,4,1553
645,5,1579
645,6,621
645,7,1103
645,8,555
645,9,1366
645,10,1165
646,1,46
646,2,1184
646,3,1299
646,4,297
646,5,942
646,6,1195
646,7,962
646,8,1602
646,9,1657
646,10,1239
647,1,1427
647,2,1390
647,3,1201
647,4,1591
647,5,1405
647,6,1344
647,7,1438
647,8,1672
647,9,806
647,10,1605
648,1,1390
648,2,893
648,3,442
648,4,115
648,5,1591
648,6,1421
648,7,36
648,8,1472
648,9,1376
648,10,862
649,1,1062
649,2,1637
649,3,865
649,4,1051
649,5,309
649,6,362
649,7,1107
649,8,1626
649,9,1253
649,10,901
65,1,701
65,2,1516
65,3,1348
65,4,925
65,5,1430
65,6,865
65,7,947
65,8,1236
65,9,1398
65,10,1013
650,1,1151
650,2,899
650,3,1618
650,4,656
650,5,1207
650,6,1174
650,7,1287
650,8,911
650,9,1571
650,10,437
651,1,972
651,2,525
651,3,1625
651,4,1323
651,5,1163
651,6,1547
651,7,264
651,8,70
651,9,581
651,10,593
652,1,1236
652,2,791
652,3,1129
652,4,1522
652,5,765
652,6,373
652,7,934
652,8,1299
652,9,1248
652,10,1227
653,1,439
653,2,1318
653,3,1238
653,4,1587
653,5,1369
653,6,1246
653,7,1555
653,8,1664
653,9,1328
653,10,701
654,1,1563
654,2,1625
654,3,1342
654,4,1621
654,5,1289
654,6,957
654,7,1168
654,8,1463
654,9,1312
654,10,1358
655,1,1399
655,2,1370
655,3,730
655,4,1367
655,5,1532
655,6,1485
655,7,1587
655,8,1494
655,9,1432
655,10,1144
656,1,893
656,2,376
656,3,1650
656,4,674
656,5,1096
656,6,296
656,7,870
656,8,1626
656,9,1470
656,10,338
657,1,1628
657,2,1585
657,3,637
657,4,1399
657,5,437
657,6,1402
657,7,1013
657,8,512
657,9,372
657,10,1623
658,1,1316
658,2,1418
658,3,1354
658,4,1560
658,5,1504
658,6,957
658,7,1458
658,8,1625
658,9,899
658,10,1144
659,1,1494
659,2,1337
659,3,1169
659,4,1579
659,5,1467
659,6,687
659,7,1667
659,8,999
659,9,1168
659,10,1394
66,1,1668
66,2,1369
66,3,565
66,4,1468
66,5,1313
66,6,700
66,7,1389
66,8,487
66,9,780
66,10,863
660,1,1427
660,2,1102
660,3,130
660,4,893
660,5,901
660,6,978
660,7,1362
660,8,958
660,9,1207
660,10,1310
661,1,1546
661,2,1239
661,3,1536
661,4,1416
661,5,1015
661,6,1399
661,7,1411
661,8,1680
661,9,1234
661,10,1557
662,1,1463
662,2,973
662,3,760
662,4,622
662,5,537
662,6,1165
662,7,1642
662,8,1215
662,9,599
662,10,1618
663,1,1369
663,2,1003
663,3,78
663,4,1574
663,5,1356
663,6,453
663,7,1231
663,8,1626
663,9,1269
663,10,590
664,1,861
664,2,1571
664,3,1081
664,4,1661
664,5,1323
664,6,1255
664,7,1185
664,8,1378
664,9,1351
664,10,1509
665,1,677
665,2,947
665,3,1356
665,4,1287
665,5,891
665,6,1458
665,7,1364
665,8,1400
665,9,700
665,10,1504
666,1,1544
666,2,1393
666,3,701
666,4,1576
666,5,1603
666,6,1342
666,7,1333
666,8,1302
666,9,362
666,10,1510
667,1,1553
667,2,1473
667,3,1636
667,4,867
667,5,1294
667,6,843
667,7,1494
667,8,1157
667,9,1504
667,10,1246
668,1,1522
668,2,643
668,3,1414
668,4,1144
668,5,1608
668,6,1345
668,7,424
668,8,1108
668,9,848
668,10,1658
669,1,1505
669,2,1614
669,3,1186
669,4,1544
669,5,648
669,6,625
669,7,1371
669,8,1545
669,9,1074
669,10,1301
67,1,1452
67,2,1505
67,3,1347
67,4,638
67,5,1186
67,6,361
67,7,1104
67,8,911
67,9,673
67,10,1471
670,1,1102
670,2,1539
670,3,1500
670,4,1237
670,5,926
670,6,1328
670,7,865
670,8,18
670,9,335
670,10,811
671,1,1580
671,2,1302
671,3,1254
671,4,1601
671,5,1267
671,6,1162
671,7,1053
671,8,749
671,9,1429
671,10,844
672,1,1442
672,2,1037
672,3,1556
672,4,1585
672,5,1612
672,6,639
672,7,579
672,8,1501
672,9,310
672,10,666
673,1,1485
673,2,1443
673,3,1481
673,4,757
673,5,1362
673,6,1507
673,7,1650
673,8,863
673,9,1575
673,10,1473
674,1,1414
674,2,1509
674,3,1178
674,4,1510
674,5,1501
674,6,1628
674,7,1576
674,8,1455
674,9,1541
674,10,1564
675,1,1055
675,2,1610
675,3,718
675,4,101
675,5,915
675,6,1311
675,7,297
675,8,1557
675,9,1515
675,10,214
676,1,1464
676,2,437
676,3,1571
676,4,1200
676,5,1174
676,6,998
676,7,853
676,8,1481
676,9,1511
676,10,1099
677,1,119
677,2,889
677,3,110
677,4,1512
677,5,1442
677,6,1670
677,7,114
677,8,909
677,9,27
677,10,1233
678,1,1321
678,2,1372
678,3,1174
678,4,1436
678,5,1172
678,6,1267
678,7,320
678,8,335
678,9,656
678,10,1005
679,1,1614
679,2,718
679,3,617
679,4,1427
679,5,165
679,6,1333
679,7,1139
679,8,998
679,9,1550
679,10,1546
68,1,1567
68,2,1333
68,3,1390
68,4,1160
68,5,646
68,6,1647
68,7,473
68,8,1388
68,9,1359
68,10,1400
680,1,1610
680,2,1253
680,3,681
680,4,1003
680,5,1470
680,6,947
680,7,1331
680,8,101
680,9,1672
680,10,818
681,1,1369
681,2,46
681,3,1550
681,4,1558
681,5,1131
681,6,1549
681,7,1092
681,8,1330
681,9,1480
681,10,1601
682,1,1417
682,2,1359
682,3,1567
682,4,1539
682,5,1201
682,6,1270
682,7,1342
682,8,1347
682,9,438
682,10,718
683,1,1246
683,2,601
683,3,1473
683,4,844
683,5,1048
683,6,1587
683,7,1250
683,8,888
683,9,1372
683,10,904
684,1,1299
684,2,1577
684,3,1578
684,4,376
684,5,1570
684,6,1195
684,7,1341
684,8,1214
684,9,913
684,10,1669
685,1,1579
685,2,1169
685,3,1233
685,4,993
685,5,687
685,6,819
685,7,1291
685,8,1432
685,9,1143
685,10,666
686,1,1402
686,2,1512
686,3,1246
686,4,1359
686,5,1265
686,6,824
686,7,599
686,8,1577
686,9,827
686,10,113
687,1,1359
687,2,1064
687,3,1241
687,4,1072
687,5,805
687,6,874
687,7,1564
687,8,697
687,9,985
687,10,739
688,1,1410
688,2,152
688,3,1658
688,4,729
688,5,1567
688,6,783
688,7,263
688,8,49
688,9,1107
688,10,1100
689,1,1669
689,2,1369
689,3,1328
689,4,1308
689,5,1645
689,6,1424
689,7,376
689,8,1578
689,9,1313
689,10,41
69,1,1321
69,2,1427
69,3,915
69,4,1106
69,5,985
69,6,1344
69,7,1038
69,8,1333
69,9,1357
69,10,1557
690,1,1544
690,2,1664
690,3,1369
690,4,1666
690,5,1677
690,6,1260
690,7,1358
690,8,341
690,9,1443
690,10,1453
691,1,1077
691,2,1326
691,3,1072
691,4,891
691,5,253
691,6,261
691,7,1108
691,8,1545
691,9,894
691,10,1225
692,1,1102
692,2,621
692,3,1359
692,4,975
692,5,376
692,6,1043
692,7,372
692,8,925
692,9,1553
692,10,871
693,1,1667
693,2,1618
693,3,1438
693,4,1403
693,5,668
693,6,1331
693,7,1477
693,8,927
693,9,1335
693,10,1571
694,1,701
694,2,1304
694,3,860
694,4,1453
694,5,1587
694,6,853
694,7,362
694,8,1544
694,9,1379
694,10,1076
695,1,1547
695,2,362
695,3,718
695,4,297
695,5,1502
695,6,416
695,7,1398
695,8,1604
695,9,581
695,10,973
696,1,996
696,2,1247
696,3,106
696,4,1398
696,5,460
696,6,1363
696,7,1492
696,8,1294
696,9,781
696,10,1395
697,1,1141
697,2,1570
697,3,1369
697,4,1192
697,5,1467
697,6,1476
697,7,730
697,8,687
697,9,613
697,10,1037
698,1,992
698,2,1519
698,3,1370
698,4,1477
698,5,1614
698,6,829
698,7,896
698,8,1343
698,9,976
698,10,1180
699,1,1166
699,2,1666
699,3,1359
699,4,1626
699,5,1096
699,6,1335
699,7,1552
699,8,1544
699,9,1668
699,10,854
7,1,1626
7,2,920
7,3,1527
7,4,893
7,5,1304
7,6,1552
7,7,1682
7,8,1213
7,9,1572
7,10,1433
70,1,1443
70,2,1546
70,3,1390
70,4,1671
70,5,1430
70,6,1477
70,7,353
70,8,1187
70,9,1339
70,10,1524
700,1,1539
700,2,1674
700,3,569
700,4,1072
700,5,27
700,6,982
700,7,1417
700,8,925
700,9,1450
700,10,790
701,1,295
701,2,1494
701,3,957
701,4,1365
701,5,533
701,6,1174
701,7,1540
701,8,1368
701,9,858
701,10,1646
702,1,1174
702,2,1306
702,3,564
702,4,101
702,5,1073
702,6,988
702,7,440
702,8,1220
702,9,733
702,10,1477
703,1,1081
703,2,745
703,3,646
703,4,1605
703,5,1122
703,6,1392
703,7,803
703,8,1539
703,9,84
703,10,1331
704,1,933
704,2,1240
704,3,1455
704,4,1345
704,5,1412
704,6,1601
704,7,1051
704,8,1654
704,9,437
704,10,1327
705,1,1383
705,2,1279
705,3,1630
705,4,1610
705,5,112
705,6,1354
705,7,912
705,8,968
705,9,537
705,10,1255
706,1,996
706,2,758
706,3,1576
706,4,1409
706,5,1076
706,6,620
706,7,592
706,8,368
706,9,1637
706,10,500
707,1,1013
707,2,1582
707,3,814
707,4,1613
707,5,1316
707,6,1467
707,7,1556
707,8,641
707,9,1457
707,10,688
708,1,718
708,2,1550
708,3,1186
708,4,1353
708,5,1029
708,6,706
708,7,1667
708,8,1333
708,9,827
708,10,1379
709,1,1654
709,2,1246
709,3,1369
709,4,701
709,5,335
709,6,1305
709,7,376
709,8,1525
709,9,1666
709,10,674
71,1,1348
71,2,1122
71,3,1287
71,4,1516
71,5,899
71,6,1289
71,7,1333
71,8,1449
71,9,1660
71,10,677
710,1,1587
710,2,1508
710,3,1029
710,4,1674
710,5,1528
710,6,1213
710,7,835
710,8,729
710,9,156
710,10,1526
711,1,1581
711,2,1326
711,3,1416
711,4,1573
711,5,1493
711,6,453
711,7,1187
711,8,542
711,9,1029
711,10,1152
712,1,1369
712,2,1424
712,3,1302
712,4,1442
712,5,1600
712,6,1473
712,7,1421
712,8,1088
712,9,874
712,10,776
713,1,1601
713,2,1659
713,3,915
713,4,666
713,5,1652
713,6,1146
713,7,1520
713,8,1279
713,9,438
713,10,1579
714,1,1054
714,2,1449
714,3,840
714,4,1430
714,5,1603
714,6,115
714,7,1339
714,8,925
714,9,865
714,10,1255
715,1,1601
715,2,1241
715,3,1553
715,4,1092
715,5,34
715,6,917
715,7,697
715,8,1604
715,9,1468
715,10,1514
716,1,861
716,2,1359
716,3,1043
716,4,1618
716,5,600
716,6,1499
716,7,1594
716,8,645
716,9,1571
716,10,843
717,1,1144
717,2,1501
717,3,1267
717,4,399
717,5,438
717,6,1612
717,7,1099
717,8,1135
717,9,982
717,10,539
718,1,1528
718,2,1178
718,3,835
718,4,377
718,5,27
718,6,1581
718,7,1588
718,8,1658
718,9,1272
718,10,1539
719,1,1571
719,2,1618
719,3,1168
719,4,927
719,5,1093
719,6,1668
719,7,1369
719,8,1441
719,9,1570
719,10,1437
72,1,296
72,2,1112
72,3,1032
72,4,957
72,5,1275
72,6,545
72,7,350
72,8,880
72,9,696
72,10,1331
720,1,1352
720,2,75
720,3,1399
720,4,1308
720,5,1279
720,6,1144
720,7,1661
720,8,621
720,9,433
720,10,734
721,1,793
721,2,1666
721,3,1416
721,4,437
721,5,1529
721,6,1658
721,7,1174
721,8,1445
721,9,1077
721,10,858
722,1,1569
722,2,212
722,3,850
722,4,852
722,5,1354
722,6,600
722,7,963
722,8,1279
722,9,840
722,10,247
723,1,1174
723,2,1579
723,3,1540
723,4,1502
723,5,1570
723,6,1575
723,7,999
723,8,1486
723,9,1199
723,10,1625
724,1,1397
724,2,46
724,3,1477
724,4,113
724,5,1516
724,6,1271
724,7,641
724,8,1498
724,9,1667
724,10,1212
725,1,497
725,2,1141
725,3,1165
725,4,1112
725,5,438
725,6,1458
725,7,1344
725,8,518
725,9,1587
725,10,580
726,1,1634
726,2,148
726,3,1166
726,4,1665
726,5,1468
726,6,1331
726,7,803
726,8,870
726,9,861
726,10,1455
727,1,1499
727,2,1211
727,3,1552
727,4,1360
727,5,1169
727,6,1478
727,7,861
727,8,1542
727,9,1300
727,10,1185
728,1,621
728,2,1351
728,3,336
728,4,555
728,5,225
728,6,463
728,7,932
728,8,1368
728,9,1644
728,10,803
729,1,1505
729,2,1577
729,3,1325
729,4,1633
729,5,1666
729,6,1272
729,7,1447
729,8,532
729,9,1391
729,10,842
73,1,1184
73,2,1195
73,3,1453
73,4,944
73,5,6
73,6,1165
73,7,1040
73,8,1139
73,9,1554
73,10,899
730,1,1029
730,2,365
730,3,1200
730,4,1141
730,5,1645
730,6,206
730,7,793
730,8,1457
730,9,1368
730,10,690
731,1,1514
731,2,1526
731,3,1461
731,4,878
731,5,832
731,6,1306
731,7,1207
731,8,806
731,9,1210
731,10,1222
732,1,1029
732,2,1630
732,3,1141
732,4,1558
732,5,810
732,6,906
732,7,886
732,8,251
732,9,924
732,10,1304
733,1,1494
733,2,1571
733,3,1249
733,4,1130
733,5,1174
733,6,389
733,7,1324
733,8,733
733,9,1625
733,10,1492
734,1,1169
734,2,944
734,3,1579
734,4,1448
734,5,555
734,6,1464
734,7,993
734,8,1366
734,9,101
734,10,1613
735,1,1606
735,2,765
735,3,104
735,4,1406
735,5,1365
735,6,680
735,7,1545
735,8,108
735,9,1608
735,10,1556
736,1,1443
736,2,512
736,3,353
736,4,1544
736,5,361
736,6,911
736,7,700
736,8,1386
736,9,1362
736,10,1371
737,1,793
737,2,1300
737,3,74
737,4,1286
737,5,1306
737,6,1572
737,7,592
737,8,1262
737,9,36
737,10,1373
738,1,921
738,2,441
738,3,1424
738,4,1253
738,5,1267
738,6,1477
738,7,1580
738,8,1664
738,9,1162
738,10,626
739,1,1470
739,2,1579
739,3,1455
739,4,1292
739,5,1669
739,6,1365
739,7,1473
739,8,1426
739,9,705
739,10,1083
74,1,992
74,2,1344
74,3,1517
74,4,1270
74,5,795
74,6,579
74,7,1379
74,8,942
74,9,1146
74,10,1604
740,1,1602
740,2,9
740,3,240
740,4,788
740,5,1645
740,6,247
740,7,1308
740,8,388
740,9,758
740,10,1603
741,1,1552
741,2,1166
741,3,1377
741,4,1347
741,5,1338
741,6,791
741,7,1271
741,8,1499
741,9,1459
741,10,1274
742,1,621
742,2,1226
742,3,893
742,4,1043
742,5,1669
742,6,401
742,7,503
742,8,803
742,9,1167
742,10,704
743,1,1427
743,2,681
743,3,1370
743,4,1649
743,5,1260
743,6,1331
743,7,638
743,8,1528
743,9,1573
743,10,296
744,1,937
744,2,1672
744,3,889
744,4,1300
744,5,927
744,6,297
744,7,74
744,8,329
744,9,1220
744,10,1189
745,1,370
745,2,1293
745,3,1459
745,4,1015
745,5,532
745,6,1379
745,7,1481
745,8,1108
745,9,1406
745,10,1405
746,1,1642
746,2,1477
746,3,1374
746,4,739
746,5,1070
746,6,942
746,7,1359
746,8,1405
746,9,1271
746,10,972
747,1,957
747,2,1443
747,3,1361
747,4,1657
747,5,1453
747,6,1617
747,7,1051
747,8,1411
747,9,1153
747,10,1381
748,1,1540
748,2,589
748,3,994
748,4,1175
748,5,711
748,6,394
748,7,1381
748,8,1277
748,9,1008
748,10,1482
749,1,1577
749,2,1512
749,3,1168
749,4,1651
749,5,1441
749,6,1332
749,7,1544
749,8,605
749,9,1038
749,10,1171
75,1,1328
75,2,968
75,3,1122
75,4,1393
75,5,1352
75,6,961
75,7,714
75,8,734
75,9,951
75,10,1339
750,1,1402
750,2,1628
750,3,490
750,4,1174
750,5,901
750,6,853
750,7,676
750,8,49
750,9,1170
750,10,601
751,1,1307
751,2,981
751,3,1437
751,4,1528
751,5,1464
751,6,365
751,7,1478
751,8,1591
751,9,1123
751,10,1637
752,1,330
752,2,1457
752,3,574
752,4,1556
752,5,979
752,6,1117
752,7,1381
752,8,947
752,9,1467
752,10,600
753,1,46
753,2,1166
753,3,1659
753,4,1325
753,5,1665
753,6,1470
753,7,1632
753,8,1581
753,9,1484
753,10,1075
754,1,1499
754,2,1347
754,3,1359
754,4,1552
754,5,33
754,6,1527
754,7,1403
754,8,103
754,9,1166
754,10,1442
755,1,1659
755,2,957
755,3,971
755,4,1602
755,5,1612
755,6,1096
755,7,1309
755,8,1668
755,9,1323
755,10,1008
756,1,1679
756,2,1553
756,3,1271
756,4,1211
756,5,1626
756,6,1540
756,7,1596
756,8,1463
756,9,1682
756,10,825
757,1,247
757,2,1513
757,3,46
757,4,626
757,5,1174
757,6,1148
757,7,572
757,8,1013
757,9,1276
757,10,1662
758,1,36
758,2,1572
758,3,1437
758,4,1635
758,5,1239
758,6,1431
758,7,1641
758,8,1080
758,9,1246
758,10,1369
759,1,141
759,2,646
759,3,1547
759,4,1289
759,5,1502
759,6,1452
759,7,1013
759,8,1471
759,9,793
759,10,1169
76,1,1601
76,2,1254
76,3,139
76,4,1294
76,5,1302
76,6,1369
76,7,1365
76,8,1429
76,9,1455
76,10,1388
760,1,1511
760,2,1172
760,3,115
760,4,1341
760,5,397
760,6,1608
760,7,840
760,8,220
760,9,422
760,10,1380
761,1,1504
761,2,1322
761,3,1660
761,4,362
761,5,1242
761,6,701
761,7,138
761,8,1023
761,9,1164
761,10,1262
762,1,247
762,2,1041
762,3,1202
762,4,455
762,5,796
762,6,1669
762,7,1388
762,8,426
762,9,532
762,10,119
763,1,563
763,2,1571
763,3,1581
763,4,1568
763,5,970
763,6,1179
763,7,1592
763,8,1198
763,9,1511
763,10,280
764,1,1438
764,2,1151
764,3,1176
764,4,562
764,5,1440
764,6,1449
764,7,691
764,8,1353
764,9,1443
764,10,296
765,1,897
765,2,1321
765,3,877
765,4,722
765,5,1055
765,6,900
765,7,886
765,8,1651
765,9,1406
765,10,1101
766,1,1310
766,2,1356
766,3,1186
766,4,992
766,5,1271
766,6,362
766,7,1437
766,8,1386
766,9,915
766,10,254
767,1,1544
767,2,564
767,3,1106
767,4,1357
767,5,1067
767,6,907
767,7,691
767,8,854
767,9,1353
767,10,1227
768,1,1040
768,2,1436
768,3,1611
768,4,1352
768,5,1455
768,6,1380
768,7,1160
768,8,1491
768,9,817
768,10,1508
769,1,1637
769,2,1543
769,3,1514
769,4,1321
769,5,47
769,6,1679
769,7,1515
769,8,497
769,9,1548
769,10,1000
77,1,962
77,2,1239
77,3,1399
77,4,1320
77,5,980
77,6,981
77,7,1117
77,8,711
77,9,1659
77,10,1637
770,1,1351
770,2,1526
770,3,movie_id
770,4,1632
770,5,261
770,6,734
770,7,1303
770,8,1166
770,9,1671
770,10,330
771,1,857
771,2,1647
771,3,1674
771,4,622
771,5,1278
771,6,1322
771,7,1108
771,8,1062
771,9,1595
771,10,783
772,1,1306
772,2,1214
772,3,101
772,4,883
772,5,1231
772,6,1211
772,7,1194
772,8,434
772,9,729
772,10,1492
773,1,1502
773,2,1174
773,3,1624
773,4,437
773,5,973
773,6,1571
773,7,701
773,8,1377
773,9,1043
773,10,1516
774,1,1532
774,2,1552
774,3,119
774,4,1639
774,5,1237
774,6,1166
774,7,1391
774,8,1317
774,9,957
774,10,463
775,1,1405
775,2,677
775,3,457
775,4,1477
775,5,1161
775,6,625
775,7,1397
775,8,1374
775,9,1616
775,10,1055
776,1,1528
776,2,1570
776,3,1174
776,4,1658
776,5,884
776,6,296
776,7,1588
776,8,802
776,9,1299
776,10,1386
777,1,1502
777,2,1279
777,3,818
777,4,1122
777,5,1360
777,6,468
777,7,646
777,8,299
777,9,1659
777,10,1374
778,1,1494
778,2,533
778,3,1107
778,4,1492
778,5,1544
778,6,1039
778,7,1476
778,8,1365
778,9,1679
778,10,954
779,1,1369
779,2,1243
779,3,1510
779,4,1570
779,5,1664
779,6,1481
779,7,1295
779,8,1065
779,9,1174
779,10,1453
78,1,1254
78,2,108
78,3,1569
78,4,1439
78,5,1172
78,6,1427
78,7,1415
78,8,1151
78,9,1331
78,10,1390
780,1,1587
780,2,1477
780,3,976
780,4,1336
780,5,1029
780,6,1358
780,7,1580
780,8,1168
780,9,556
780,10,1369
781,1,1550
781,2,1467
781,3,1651
781,4,592
781,5,1593
781,6,805
781,7,779
781,8,1021
781,9,247
781,10,487
782,1,1427
782,2,1358
782,3,1577
782,4,1633
782,5,1029
782,6,1544
782,7,1297
782,8,1558
782,9,1656
782,10,376
783,1,1117
783,2,375
783,3,667
783,4,516
783,5,1442
783,6,1399
783,7,847
783,8,40
783,9,103
783,10,1590
784,1,1352
784,2,1417
784,3,714
784,4,621
784,5,891
784,6,1267
784,7,1072
784,8,736
784,9,170
784,10,452
785,1,1504
785,2,1497
785,3,543
785,4,1552
785,5,1626
785,6,548
785,7,1507
785,8,1174
785,9,1576
785,10,770
786,1,1075
786,2,1321
786,3,1029
786,4,1373
786,5,1358
786,6,904
786,7,945
786,8,261
786,9,1461
786,10,1587
787,1,793
787,2,921
787,3,1379
787,4,1317
787,5,1567
787,6,1410
787,7,1064
787,8,1658
787,9,1186
787,10,996
788,1,1481
788,2,1536
788,3,1279
788,4,104
788,5,1398
788,6,1512
788,7,994
788,8,36
788,9,1274
788,10,1246
789,1,1348
789,2,996
789,3,563
789,4,296
789,5,1658
789,6,665
789,7,267
789,8,1370
789,9,1089
789,10,247
79,1,1389
79,2,1349
79,3,958
79,4,1207
79,5,1455
79,6,1151
79,7,437
79,8,1427
79,9,movie_id
79,10,1507
790,1,1436
790,2,1675
790,3,992
790,4,846
790,5,878
790,6,1051
790,7,1400
790,8,1160
790,9,1341
790,10,1522
791,1,1534
791,2,1514
791,3,1153
791,4,1160
791,5,242
791,6,1293
791,7,1166
791,8,1275
791,9,910
791,10,791
792,1,1660
792,2,1511
792,3,1440
792,4,375
792,5,1500
792,6,857
792,7,1158
792,8,1196
792,9,1409
792,10,37
793,1,793
793,2,1610
793,3,1539
793,4,341
793,5,600
793,6,1476
793,7,1310
793,8,1666
793,9,1358
793,10,1353
794,1,1289
794,2,1556
794,3,545
794,4,957
794,5,112
794,6,1359
794,7,502
794,8,1386
794,9,931
794,10,90
795,1,1650
795,2,728
795,3,movie_id
795,4,909
795,5,1297
795,6,1279
795,7,1393
795,8,146
795,9,261
795,10,467
796,1,1359
796,2,119
796,3,375
796,4,1248
796,5,1630
796,6,1279
796,7,103
796,8,1172
796,9,1374
796,10,1171
797,1,1293
797,2,726
797,3,112
797,4,1153
797,5,931
797,6,148
797,7,247
797,8,1279
797,9,1608
797,10,539
798,1,1638
798,2,1077
798,3,1340
798,4,1325
798,5,movie_id
798,6,1019
798,7,1473
798,8,1513
798,9,1098
798,10,1674
799,1,1370
799,2,1376
799,3,1603
799,4,997
799,5,1077
799,6,1022
799,7,1425
799,8,1029
799,9,900
799,10,1646
8,1,1365
8,2,1494
8,3,1556
8,4,980
8,5,1312
8,6,767
8,7,1670
8,8,1034
8,9,1397
8,10,1410
80,1,765
80,2,1227
80,3,1459
80,4,1299
80,5,1602
80,6,1406
80,7,371
80,8,1666
80,9,1030
80,10,721
800,1,1651
800,2,35
800,3,891
800,4,1255
800,5,1370
800,6,1325
800,7,1581
800,8,377
800,9,1316
800,10,852
801,1,861
801,2,600
801,3,973
801,4,1167
801,5,730
801,6,745
801,7,212
801,8,1624
801,9,1574
801,10,1416
802,1,1661
802,2,1078
802,3,1477
802,4,677
802,5,1547
802,6,1297
802,7,1083
802,8,146
802,9,556
802,10,1469
803,1,911
803,2,1427
803,3,84
803,4,682
803,5,587
803,6,227
803,7,541
803,8,1438
803,9,1247
803,10,1483
804,1,1394
804,2,1531
804,3,1468
804,4,1247
804,5,113
804,6,803
804,7,1320
804,8,1229
804,9,1589
804,10,854
805,1,1641
805,2,1139
805,3,1533
805,4,1398
805,5,1627
805,6,1008
805,7,1569
805,8,1216
805,9,1368
805,10,1656
806,1,1367
806,2,1253
806,3,1418
806,4,861
806,5,911
806,6,859
806,7,1029
806,8,412
806,9,1069
806,10,502
807,1,1668
807,2,442
807,3,1162
807,4,1336
807,5,1489
807,6,851
807,7,608
807,8,1160
807,9,119
807,10,1606
808,1,1212
808,2,1344
808,3,1354
808,4,1019
808,5,1579
808,6,893
808,7,1589
808,8,1190
808,9,638
808,10,1594
809,1,1667
809,2,691
809,3,1477
809,4,564
809,5,90
809,6,641
809,7,1294
809,8,1163
809,9,1359
809,10,1297
81,1,1254
81,2,1072
81,3,1430
81,4,1316
81,5,843
81,6,962
81,7,6
81,8,814
81,9,891
81,10,1407
810,1,1000
810,2,525
810,3,1511
810,4,1595
810,5,1343
810,6,1660
810,7,803
810,8,1134
810,9,902
810,10,535
811,1,1426
811,2,745
811,3,915
811,4,992
811,5,1613
811,6,1382
811,7,372
811,8,896
811,9,1472
811,10,403
812,1,1299
812,2,907
812,3,822
812,4,119
812,5,160
812,6,1327
812,7,948
812,8,1508
812,9,1679
812,10,851
813,1,1293
813,2,987
813,3,449
813,4,1464
813,5,117
813,6,47
813,7,1321
813,8,1356
813,9,156
813,10,931
814,1,1443
814,2,1546
814,3,142
814,4,1617
814,5,1381
814,6,1013
814,7,1175
814,8,857
814,9,1207
814,10,1599
815,1,668
815,2,1297
815,3,1624
815,4,1238
815,5,1287
815,6,1214
815,7,1094
815,8,1308
815,9,1331
815,10,1207
816,1,1144
816,2,722
816,3,1463
816,4,1370
816,5,1313
816,6,1450
816,7,189
816,8,840
816,9,1090
816,10,1314
817,1,1186
817,2,1505
817,3,1614
817,4,1146
817,5,1075
817,6,1187
817,7,1332
817,8,1408
817,9,1038
817,10,1482
818,1,1354
818,2,745
818,3,1168
818,4,1285
818,5,638
818,6,545
818,7,1335
818,8,247
818,9,1019
818,10,1131
819,1,1064
819,2,1029
819,3,1186
819,4,1508
819,5,1543
819,6,700
819,7,1545
819,8,646
819,9,1379
819,10,1122
82,1,1464
82,2,1087
82,3,1553
82,4,1573
82,5,1637
82,6,1504
82,7,1122
82,8,1287
82,9,1175
82,10,1543
820,1,1545
820,2,1058
820,3,261
820,4,1306
820,5,1163
820,6,607
820,7,1632
820,8,104
820,9,1293
820,10,36
821,1,1221
821,2,1633
821,3,1581
821,4,757
821,5,825
821,6,1213
821,7,379
821,8,394
821,9,1440
821,10,1095
822,1,803
822,2,1612
822,3,336
822,4,1472
822,5,1437
822,6,987
822,7,1569
822,8,845
822,9,1504
822,10,704
823,1,1464
823,2,1628
823,3,1331
823,4,1487
823,5,1586
823,6,1162
823,7,1008
823,8,1485
823,9,1377
823,10,1534
824,1,1171
824,2,1399
824,3,1078
824,4,1075
824,5,1544
824,6,217
824,7,1674
824,8,906
824,9,1411
824,10,1027
825,1,84
825,2,1321
825,3,793
825,4,1214
825,5,1347
825,6,309
825,7,1007
825,8,915
825,9,988
825,10,847
826,1,1331
826,2,1477
826,3,1430
826,4,1614
826,5,1586
826,6,1299
826,7,1109
826,8,149
826,9,814
826,10,718
827,1,1510
827,2,1463
827,3,667
827,4,622
827,5,1438
827,6,456
827,7,1642
827,8,1430
827,9,1672
827,10,1287
828,1,893
828,2,548
828,3,1041
828,4,1326
828,5,1391
828,6,1068
828,7,1268
828,8,1186
828,9,1463
828,10,959
829,1,437
829,2,1650
829,3,1502
829,4,1271
829,5,1043
829,6,1077
829,7,973
829,8,1486
829,9,1442
829,10,979
83,1,1150
83,2,1573
83,3,1416
83,4,1498
83,5,1139
83,6,947
83,7,1024
83,8,1338
83,9,1612
83,10,1415
830,1,1510
830,2,1606
830,3,1491
830,4,438
830,5,1163
830,6,1280
830,7,1449
830,8,1352
830,9,608
830,10,1399
831,1,1386
831,2,308
831,3,1064
831,4,1357
831,5,700
831,6,1564
831,7,1543
831,8,1359
831,9,1452
831,10,1347
832,1,1248
832,2,1279
832,3,1301
832,4,1246
832,5,244
832,6,601
832,7,1292
832,8,1680
832,9,801
832,10,1227
833,1,1416
833,2,793
833,3,1667
833,4,600
833,5,1602
833,6,1347
833,7,1564
833,8,1499
833,9,1492
833,10,1660
834,1,1169
834,2,1512
834,3,1670
834,4,1430
834,5,1644
834,6,1052
834,7,1287
834,8,1448
834,9,1669
834,10,1034
835,1,1306
835,2,454
835,3,808
835,4,1320
835,5,644
835,6,1415
835,7,857
835,8,1617
835,9,1175
835,10,1334
836,1,1579
836,2,1253
836,3,897
836,4,995
836,5,35
836,6,1184
836,7,482
836,8,555
836,9,1271
836,10,34
837,1,1169
837,2,1331
837,3,674
837,4,1355
837,5,1516
837,6,819
837,7,1495
837,8,641
837,9,1214
837,10,144
838,1,1576
838,2,1326
838,3,1604
838,4,1186
838,5,921
838,6,1561
838,7,700
838,8,1323
838,9,1424
838,10,267
839,1,376
839,2,907
839,3,1639
839,4,920
839,5,1370
839,6,1667
839,7,1674
839,8,456
839,9,1577
839,10,1565
84,1,1043
84,2,1008
84,3,308
84,4,1616
84,5,666
84,6,1532
84,7,1352
84,8,562
84,9,1627
84,10,1335
840,1,1490
840,2,1378
840,3,1414
840,4,1611
840,5,1568
840,6,1455
840,7,1175
840,8,119
840,9,1481
840,10,853
841,1,1095
841,2,1153
841,3,1184
841,4,846
841,5,1146
841,6,1611
841,7,1149
841,8,573
841,9,1322
841,10,957
842,1,1509
842,2,911
842,3,1403
842,4,1211
842,5,1297
842,6,1371
842,7,1471
842,8,893
842,9,1571
842,10,1552
843,1,1328
843,2,1560
843,3,1452
843,4,1031
843,5,1430
843,6,1599
843,7,884
843,8,891
843,9,1417
843,10,1421
844,1,1501
844,2,1296
844,3,1267
844,4,1443
844,5,1477
844,6,1601
844,7,1628
844,8,1518
844,9,1303
844,10,1135
845,1,816
845,2,898
845,3,1570
845,4,1477
845,5,1602
845,6,128
845,7,1215
845,8,1617
845,9,1522
845,10,1586
846,1,1659
846,2,1501
846,3,1625
846,4,1342
846,5,1000
846,6,1562
846,7,1609
846,8,1275
846,9,1617
846,10,1654
847,1,1669
847,2,1504
847,3,1658
847,4,1660
847,5,1343
847,6,1623
847,7,1549
847,8,1525
847,9,1217
847,10,1195
848,1,1460
848,2,1581
848,3,1677
848,4,947
848,5,1338
848,6,1527
848,7,1144
848,8,1416
848,9,1633
848,10,1470
849,1,1443
849,2,1606
849,3,1162
849,4,353
849,5,626
849,6,1163
849,7,1068
849,8,1664
849,9,1599
849,10,1544
85,1,1603
85,2,1424
85,3,138
85,4,1339
85,5,1295
85,6,683
85,7,538
85,8,1299
85,9,1453
85,10,1477
850,1,1658
850,2,677
850,3,1333
850,4,666
850,5,1283
850,6,1299
850,7,1576
850,8,888
850,9,1258
850,10,947
851,1,35
851,2,1579
851,3,1233
851,4,1351
851,5,335
851,6,1526
851,7,1321
851,8,1626
851,9,1166
851,10,1500
852,1,846
852,2,1379
852,3,146
852,4,1400
852,5,1078
852,6,1233
852,7,775
852,8,677
852,9,1238
852,10,863
853,1,6
853,2,1414
853,3,1522
853,4,1359
853,5,1403
853,6,875
853,7,1288
853,8,510
853,9,1244
853,10,950
854,1,1352
854,2,1180
854,3,75
854,4,1206
854,5,1144
854,6,372
854,7,1480
854,8,1579
854,9,1594
854,10,1383
855,1,1299
855,2,1341
855,3,1345
855,4,1611
855,5,1378
855,6,1459
855,7,1418
855,8,1669
855,9,1658
855,10,20
856,1,1427
856,2,1214
856,3,621
856,4,1458
856,5,1139
856,6,964
856,7,84
856,8,1638
856,9,626
856,10,1227
857,1,1539
857,2,1347
857,3,451
857,4,1271
857,5,1674
857,6,1169
857,7,1468
857,8,1589
857,9,1613
857,10,1241
858,1,1008
858,2,1544
858,3,1526
858,4,666
858,5,217
858,6,832
858,7,1540
858,8,1426
858,9,1040
858,10,1579
859,1,1569
859,2,1614
859,3,1162
859,4,1184
859,5,1201
859,6,34
859,7,469
859,8,1333
859,9,1604
859,10,915
86,1,1254
86,2,1320
86,3,1225
86,4,1175
86,5,1276
86,6,1633
86,7,626
86,8,279
86,9,1634
86,10,1366
860,1,119
860,2,851
860,3,1571
860,4,296
860,5,1618
860,6,1668
860,7,1168
860,8,1102
860,9,974
860,10,1625
861,1,1156
861,2,1452
861,3,454
861,4,263
861,5,1123
861,6,1010
861,7,119
861,8,1543
861,9,833
861,10,1100
862,1,1343
862,2,1467
862,3,1463
862,4,171
862,5,1642
862,6,1624
862,7,1502
862,8,1586
862,9,987
862,10,1155
863,1,957
863,2,533
863,3,295
863,4,976
863,5,1100
863,6,965
863,7,972
863,8,1282
863,9,687
863,10,1473
864,1,1655
864,2,296
864,3,643
864,4,1650
864,5,536
864,6,1130
864,7,1357
864,8,1326
864,9,894
864,10,624
865,1,745
865,2,1628
865,3,1174
865,4,1062
865,5,1513
865,6,1378
865,7,1253
865,8,372
865,9,247
865,10,1263
866,1,1627
866,2,922
866,3,movie_id
866,4,1275
866,5,766
866,6,1200
866,7,700
866,8,1102
866,9,1174
866,10,1132
867,1,1492
867,2,701
867,3,1578
867,4,1023
867,5,1369
867,6,1660
867,7,1348
867,8,730
867,9,1475
867,10,887
868,1,351
868,2,1515
868,3,1476
868,4,1187
868,5,1046
868,6,1306
868,7,1590
868,8,1290
868,9,1155
868,10,1114
869,1,757
869,2,1470
869,3,1095
869,4,1343
869,5,1332
869,6,361
869,7,843
869,8,1581
869,9,1669
869,10,1357
87,1,1667
87,2,1533
87,3,1386
87,4,1515
87,5,1289
87,6,1512
87,7,296
87,8,1584
87,9,1439
87,10,1379
870,1,1594
870,2,1494
870,3,911
870,4,1510
870,5,853
870,6,1256
870,7,1571
870,8,1371
870,9,1162
870,10,1043
871,1,1543
871,2,1458
871,3,1026
871,4,1271
871,5,600
871,6,891
871,7,1544
871,8,1504
871,9,1179
871,10,585
872,1,1427
872,2,1636
872,3,1294
872,4,1353
872,5,973
872,6,1357
872,7,911
872,8,439
872,9,930
872,10,1492
873,1,1328
873,2,962
873,3,1397
873,4,752
873,5,336
873,6,677
873,7,771
873,8,643
873,9,1440
873,10,1564
874,1,372
874,2,607
874,3,1471
874,4,1649
874,5,1396
874,6,1539
874,7,533
874,8,358
874,9,1403
874,10,972
875,1,1398
875,2,1406
875,3,1031
875,4,1262
875,5,1601
875,6,1158
875,7,1553
875,8,491
875,9,1502
875,10,1199
876,1,1414
876,2,1667
876,3,548
876,4,890
876,5,1070
876,6,1617
876,7,816
876,8,649
876,9,1522
876,10,1300
877,1,1551
877,2,1650
877,3,1645
877,4,1612
877,5,1548
877,6,1155
877,7,536
877,8,1590
877,9,1109
877,10,1006
878,1,1459
878,2,1331
878,3,1590
878,4,80
878,5,1598
878,6,730
878,7,634
878,8,1624
878,9,1498
878,10,1561
879,1,996
879,2,701
879,3,1669
879,4,1167
879,5,1107
879,6,1283
879,7,1560
879,8,1658
879,9,925
879,10,938
88,1,1169
88,2,1378
88,3,1443
88,4,1255
88,5,1146
88,6,1507
88,7,725
88,8,1566
88,9,1351
88,10,377
880,1,907
880,2,759
880,3,1531
880,4,854
880,5,1650
880,6,970
880,7,1574
880,8,1023
880,9,1399
880,10,1374
881,1,1481
881,2,1574
881,3,1261
881,4,1314
881,5,958
881,6,1167
881,7,757
881,8,1463
881,9,617
881,10,256
882,1,1239
882,2,1452
882,3,759
882,4,1272
882,5,1505
882,6,553
882,7,599
882,8,992
882,9,1643
882,10,1240
883,1,1403
883,2,1155
883,3,1331
883,4,1094
883,5,987
883,6,1300
883,7,1357
883,8,1655
883,9,453
883,10,1572
884,1,775
884,2,1449
884,3,1362
884,4,1339
884,5,1369
884,6,1443
884,7,1452
884,8,1063
884,9,957
884,10,712
885,1,1156
885,2,1372
885,3,1296
885,4,74
885,5,1362
885,6,395
885,7,1294
885,8,1282
885,9,1410
885,10,1337
886,1,1635
886,2,548
886,3,1579
886,4,1578
886,5,1626
886,6,1344
886,7,35
886,8,1515
886,9,1548
886,10,1117
887,1,1443
887,2,1405
887,3,1175
887,4,1207
887,5,1477
887,6,1169
887,7,1496
887,8,857
887,9,1362
887,10,1671
888,1,1528
888,2,247
888,3,296
888,4,1268
888,5,1373
888,6,946
888,7,647
888,8,944
888,9,1253
888,10,1464
889,1,1602
889,2,296
889,3,1612
889,4,1348
889,5,1668
889,6,1526
889,7,1124
889,8,1299
889,9,592
889,10,1487
89,1,745
89,2,1412
89,3,1618
89,4,1661
89,5,718
89,6,1403
89,7,1378
89,8,1081
89,9,796
89,10,553
890,1,957
890,2,1452
890,3,962
890,4,1454
890,5,119
890,6,1388
890,7,1640
890,8,1341
890,9,1213
890,10,394
891,1,1679
891,2,1473
891,3,45
891,4,1281
891,5,593
891,6,1320
891,7,1631
891,8,1488
891,9,543
891,10,96
892,1,267
892,2,1571
892,3,1561
892,4,677
892,5,1103
892,6,1096
892,7,759
892,8,1603
892,9,1403
892,10,1618
893,1,744
893,2,1581
893,3,1527
893,4,438
893,5,1658
893,6,1677
893,7,793
893,8,1610
893,9,1645
893,10,1400
894,1,1606
894,2,1534
894,3,1485
894,4,1149
894,5,1165
894,6,1174
894,7,1162
894,8,897
894,9,1265
894,10,1370
895,1,1327
895,2,1359
895,3,1386
895,4,160
895,5,957
895,6,1625
895,7,1494
895,8,882
895,9,37
895,10,1529
896,1,1666
896,2,1571
896,3,394
896,4,848
896,5,1437
896,6,247
896,7,341
896,8,1100
896,9,1339
896,10,1024
897,1,1328
897,2,1351
897,3,254
897,4,138
897,5,888
897,6,1321
897,7,1424
897,8,128
897,9,1003
897,10,1080
898,1,1339
898,2,1162
898,3,1315
898,4,1330
898,5,903
898,6,992
898,7,1099
898,8,1352
898,9,704
898,10,621
899,1,1681
899,2,1533
899,3,1102
899,4,1612
899,5,700
899,6,893
899,7,1348
899,8,706
899,9,1354
899,10,936
9,1,1383
9,2,1379
9,3,1055
9,4,583
9,5,883
9,6,915
9,7,791
9,8,1075
9,9,1397
9,10,847
90,1,957
90,2,1632
90,3,1424
90,4,1603
90,5,1328
90,6,1664
90,7,1186
90,8,138
90,9,1543
90,10,1544
900,1,624
900,2,1486
900,3,1485
900,4,1248
900,5,1540
900,6,1008
900,7,1192
900,8,1508
900,9,1201
900,10,107
901,1,1453
901,2,1544
901,3,1543
901,4,1640
901,5,1355
901,6,1603
901,7,957
901,8,638
901,9,1560
901,10,422
902,1,1571
902,2,1568
902,3,1445
902,4,movie_id
902,5,861
902,6,643
902,7,437
902,8,42
902,9,1102
902,10,1223
903,1,1302
903,2,1186
903,3,1587
903,4,1561
903,5,1606
903,6,1393
903,7,920
903,8,1243
903,9,1487
903,10,1097
904,1,119
904,2,1625
904,3,851
904,4,957
904,5,1211
904,6,1295
904,7,390
904,8,1030
904,9,563
904,10,695
905,1,1359
905,2,1468
905,3,1335
905,4,1589
905,5,545
905,6,1043
905,7,1271
905,8,437
905,9,700
905,10,232
906,1,1180
906,2,331
906,3,306
906,4,1171
906,5,463
906,6,547
906,7,1569
906,8,544
906,9,851
906,10,1316
907,1,movie_id
907,2,1116
907,3,1339
907,4,1449
907,5,1200
907,6,1351
907,7,647
907,8,766
907,9,848
907,10,102
908,1,1001
908,2,1663
908,3,1677
908,4,1505
908,5,1509
908,6,573
908,7,246
908,8,1186
908,9,1211
908,10,792
909,1,907
909,2,1579
909,3,1237
909,4,1496
909,5,798
909,6,1460
909,7,1558
909,8,976
909,9,1108
909,10,1515
91,1,1647
91,2,1389
91,3,1370
91,4,1167
91,5,1674
91,6,1508
91,7,movie_id
91,8,379
91,9,1651
91,10,1539
910,1,1330
910,2,1553
910,3,75
910,4,776
910,5,1650
910,6,119
910,7,858
910,8,1199
910,9,1279
910,10,1486
911,1,1669
911,2,84
911,3,35
911,4,1184
911,5,1403
911,6,1670
911,7,954
911,8,901
911,9,1220
911,10,1239
912,1,907
912,2,1358
912,3,1633
912,4,1551
912,5,1548
912,6,935
912,7,1421
912,8,1221
912,9,394
912,10,1476
913,1,1272
913,2,1488
913,3,1371
913,4,1199
913,5,1575
913,6,1142
913,7,1680
913,8,1024
913,9,870
913,10,1444
914,1,1214
914,2,1108
914,3,1271
914,4,370
914,5,1439
914,6,1402
914,7,1388
914,8,749
914,9,488
914,10,901
915,1,1499
915,2,666
915,3,1323
915,4,1096
915,5,1506
915,6,372
915,7,1274
915,8,1201
915,9,791
915,10,1536
916,1,1547
916,2,1341
916,3,706
916,4,1414
916,5,1610
916,6,624
916,7,548
916,8,1509
916,9,848
916,10,1443
917,1,1362
917,2,1488
917,3,459
917,4,1027
917,5,981
917,6,438
917,7,1068
917,8,858
917,9,775
917,10,1679
918,1,1548
918,2,1511
918,3,464
918,4,907
918,5,1427
918,6,1175
918,7,838
918,8,1322
918,9,1459
918,10,1681
919,1,730
919,2,1449
919,3,1625
919,4,460
919,5,112
919,6,1513
919,7,1363
919,8,957
919,9,1472
919,10,745
92,1,1327
92,2,296
92,3,1553
92,4,119
92,5,437
92,6,1610
92,7,1532
92,8,1312
92,9,996
92,10,1579
920,1,1194
920,2,1070
920,3,1362
920,4,206
920,5,1578
920,6,396
920,7,1443
920,8,1156
920,9,1562
920,10,953
921,1,1043
921,2,599
921,3,1305
921,4,825
921,5,844
921,6,533
921,7,1579
921,8,1246
921,9,1594
921,10,1648
922,1,1532
922,2,1468
922,3,1342
922,4,1647
922,5,1333
922,6,movie_id
922,7,1674
922,8,1671
922,9,1275
922,10,1064
923,1,1625
923,2,1398
923,3,897
923,4,957
923,5,1486
923,6,791
923,7,343
923,8,1628
923,9,295
923,10,896
924,1,1034
924,2,1369
924,3,893
924,4,1493
924,5,565
924,6,1029
924,7,1443
924,8,261
924,9,770
924,10,1389
925,1,1661
925,2,1302
925,3,1449
925,4,1455
925,5,1438
925,6,60
925,7,666
925,8,623
925,9,446
925,10,874
926,1,1398
926,2,1321
926,3,489
926,4,1009
926,5,362
926,6,1220
926,7,1457
926,8,1601
926,9,877
926,10,1131
927,1,1587
927,2,1460
927,3,1624
927,4,1450
927,5,1625
927,6,837
927,7,876
927,8,1484
927,9,869
927,10,1632
928,1,992
928,2,1166
928,3,1018
928,4,1325
928,5,1436
928,6,1006
928,7,1633
928,8,647
928,9,1370
928,10,103
929,1,893
929,2,1606
929,3,400
929,4,296
929,5,979
929,6,700
929,7,544
929,8,1270
929,9,439
929,10,666
93,1,893
93,2,1424
93,3,1603
93,4,1061
93,5,1389
93,6,700
93,7,1456
93,8,853
93,9,674
93,10,345
930,1,745
930,2,1297
930,3,1581
930,4,1618
930,5,973
930,6,1571
930,7,1407
930,8,1043
930,9,1236
930,10,1019
931,1,1391
931,2,1624
931,3,1018
931,4,843
931,5,838
931,6,1511
931,7,951
931,8,1366
931,9,1281
931,10,1072
932,1,439
932,2,1579
932,3,1189
932,4,1526
932,5,1625
932,6,1670
932,7,765
932,8,280
932,9,1609
932,10,862
933,1,1443
933,2,1165
933,3,1438
933,4,1667
933,5,1353
933,6,1055
933,7,1463
933,8,1546
933,9,1440
933,10,911
934,1,1571
934,2,851
934,3,700
934,4,1667
934,5,46
934,6,1370
934,7,1642
934,8,848
934,9,424
934,10,1621
935,1,1579
935,2,814
935,3,1169
935,4,662
935,5,812
935,6,1373
935,7,1386
935,8,1613
935,9,641
935,10,1457
936,1,1540
936,2,1109
936,3,1370
936,4,1463
936,5,893
936,6,1096
936,7,1670
936,8,1041
936,9,554
936,10,1663
937,1,1373
937,2,1443
937,3,517
937,4,548
937,5,1464
937,6,1015
937,7,1199
937,8,1604
937,9,1414
937,10,592
938,1,957
938,2,1406
938,3,759
938,4,897
938,5,1296
938,6,1174
938,7,612
938,8,1658
938,9,1213
938,10,1587
939,1,1472
939,2,1169
939,3,975
939,4,1155
939,5,1166
939,6,1591
939,7,330
939,8,1042
939,9,1600
939,10,1405
94,1,1602
94,2,1586
94,3,46
94,4,1460
94,5,247
94,6,1343
94,7,1464
94,8,1161
94,9,687
94,10,1549
940,1,1547
940,2,536
940,3,1618
940,4,911
940,5,1541
940,6,1559
940,7,1406
940,8,1351
940,9,626
940,10,973
941,1,1053
941,2,1586
941,3,1220
941,4,1628
941,5,829
941,6,128
941,7,1536
941,8,1378
941,9,676
941,10,297
942,1,267
942,2,1029
942,3,1512
942,4,1445
942,5,1436
942,6,1251
942,7,445
942,8,148
942,9,1671
942,10,1399
943,1,1406
943,2,1470
943,3,1186
943,4,1632
943,5,254
943,6,788
943,7,1339
943,8,1567
943,9,1265
943,10,1158
95,1,1443
95,2,1427
95,3,1055
95,4,706
95,5,1463
95,6,1604
95,7,1546
95,8,1331
95,9,1565
95,10,1643
96,1,1246
96,2,551
96,3,1073
96,4,893
96,5,1294
96,6,346
96,7,420
96,8,306
96,9,896
96,10,484
97,1,909
97,2,1669
97,3,957
97,4,1219
97,5,1540
97,6,1365
97,7,1066
97,8,254
97,9,1443
97,10,1484
98,1,1628
98,2,897
98,3,830
98,4,1258
98,5,814
98,6,1162
98,7,1579
98,8,1160
98,9,1263
98,10,650
99,1,1174
99,2,1168
99,3,1112
99,4,1206
99,5,1607
99,6,movie_id
99,7,911
99,8,1166
99,9,784
99,10,1354
user_id,1,1342
user_id,2,1563
user_id,3,1388
user_id,4,602
user_id,5,1552
user_id,6,600
user_id,7,1549
user_id,8,1188
user_id,9,1609
user_id,10,558
